Date,Country,Total_Cases,New_Cases,Total_Deaths,New_Deaths,Recovered,Active_Cases,Serious_Critical,Tests_Per_Million,Population,Alert
2023-01-01,USA,99732855,14528,1073788,122,95683961,4847881,8626,1764678,338290868,Red
2023-01-08,India,47028214,8034,516590,51,45756120,668220,2128,339037,1405845055,Red
2023-01-15,Brazil,37858378,7261,723235,44,36526173,729996,3215,165300,204389564,Red
2023-01-22,France,38374902,12279,154043,86,36202125,336528,1820,215602,70248138,Yellow
2023-01-29,Germany,34761667,11337,158306,79,34254836,350494,1642,192088,83769689,Yellow
2023-02-05,UK,23174387,9651,200058,64,23052892,196557,994,222228,66876059,Yellow
2023-02-12,Russia,21027784,6115,393015,42,21102700,210674,1202,245822,149745463,Red
2023-02-19,Turkey,17622499,4657,103795,27,16646205,102441,814,171004,82254591,Yellow
2023-02-26,Italy,25252788,8287,176959,56,24940258,304977,1418,189954,61568799,Yellow
2023-03-05,Spain,13780898,3996,119851,29,12614818,178746,927,169894,45218231,Yellow
2023-03-12,Argentina,9330173,2916,123937,25,9153286,67658,412,112131,46837518,Yellow
2023-03-19,Colombia,6596043,2098,135790,18,6034065,59198,361,97906,50536708,Red
2023-03-26,Poland,6716088,2611,123837,22,6424213,81286,398,102687,38418066,Red
2023-04-02,Iran,7284254,2671,138805,24,6882339,259464,650,85285,82630521,Red
2023-04-09,Mexico,6970914,2653,331070,30,6490563,455735,1195,75032,130266544,Red
2023-04-16,Ukraine,5229038,1877,110013,16,5075111,86435,287,65304,45197857,Red
2023-04-23,Peru,4215824,1162,214672,14,4154434,78240,328,79879,32911604,Red
2023-04-30,Indonesia,6816834,2215,167437,20,6861155,38306,211,53640,276213945,Red
2023-05-07,Czechia,4568695,1562,39992,10,4408779,58347,181,142918,10653269,Yellow
2023-05-14,Netherlands,8322545,3051,22869,15,8075895,183853,307,172161,18085719,Yellow
2023-01-01,Canada,4550334,1836,50224,12,4360974,52868,188,165836,37991903,Yellow
2023-01-08,Chile,5012537,1861,61367,16,4918968,88425,290,121738,19752855,Yellow
2023-01-15,Philippines,4014779,1459,68883,10,4068954,35541,124,54390,112284737,Red
2023-01-22,Australia,11346316,5759,17194,25,11668453,185990,365,303634,25469997,Yellow
2023-01-29,Belgium,4679353,1671,32732,8,4679622,69882,182,151557,11189597,Yellow
2023-02-05,Sweden,2776998,898,22448,5,2735953,27074,78,129913,10302325,Yellow
2023-02-12,Israel,4655843,1762,12277,4,4651586,85878,145,267122,9500120,Yellow
2023-02-19,Portugal,5507829,1965,26203,7,5214411,71646,154,220171,9922185,Yellow
2023-02-26,Austria,6055449,2062,20489,6,6040391,80786,174,192728,9021993,Yellow
2023-03-05,Switzerland,4200438,1549,14216,4,4240004,82743,144,207523,8863243,Yellow
2023-03-12,Japan,33354898,11444,71766,82,32548067,907737,3239,96584,123956747,Red
2023-03-19,South Korea,29011572,11106,33216,50,28823400,468516,1823,132088,52435224,Yellow
2023-03-26,Vietnam,10999809,4379,42845,18,10730977,258656,700,82703,94824995,Yellow
2023-04-02,Thailand,4910976,1539,34558,8,4826588,67674,185,62538,67072771,Yellow
2023-04-09,Malaysia,5232816,1724,37402,9,4683258,109229,294,97468,33559693,Yellow
2023-04-16,Pakistan,1618418,612,30041,4,1604728,9386,41,32042,211177310,Red
2023-04-23,Bangladesh,1990337,689,27881,5,2053547,41480,112,26365,160250655,Yellow
2023-04-30,Egypt,494280,204,23163,3,452928,53396,88,17908,105622116,Red
2023-05-07,Saudi Arabia,855476,287,9336,2,833073,10637,27,115433,34265713,Yellow
2023-05-14,UAE,1043716,393,2243,1,1043053,12194,33,391300,10232165,Yellow
2023-01-01,Qatar,452236,151,704,0,482024,4454,12,241673,3018163,Yellow
2023-01-08,Kuwait,659682,226,2566,1,636314,7518,17,163264,4171054,Yellow
2023-01-15,Singapore,2097565,786,1704,1,2172955,17736,42,390623,5581472,Yellow
2023-01-22,New Zealand,2185957,759,2404,2,2094714,27958,27,236440,5224992,Yellow
2023-01-29,Norway,1463817,519,4455,2,1466856,11844,26,203437,5393435,Yellow
2023-02-05,Denmark,3252007,1113,6645,3,3127158,43946,43,281667,5597239,Yellow
2023-02-12,Finland,1471757,487,5262,2,1445052,24475,27,199476,5644760,Yellow
2023-02-19,Ireland,1703412,571,6941,2,1670662,33295,35,176126,4717932,Yellow
2023-02-26,Greece,5827092,2074,36157,9,5848075,112113,258,150430,10785005,Yellow
2023-03-05,Hungary,2130668,762,45992,5,2037321,52100,125,114851,9349493,Red
2023-03-12,USA,105742805,15562,1095413,116,99127114,4751802,8511,1919977,318664023,Red
2023-03-19,India,46238098,8023,529189,50,45239549,690447,2299,350954,1335242777,Red
2023-03-26,Brazil,38626146,7307,671771,44,36750853,682847,3111,166878,222803673,Red
2023-04-02,France,39500344,12359,165042,83,37710715,327806,1781,209660,68701961,Yellow
2023-04-09,Germany,36352440,11548,167670,79,36492284,335845,1759,194814,85707411,Yellow
2023-04-16,UK,25012498,9358,198296,65,22458233,208245,949,216444,67105965,Yellow
2023-04-23,Russia,21094684,6160,393511,40,22081334,203723,1197,252415,143610166,Red
2023-04-30,Turkey,16483171,4456,100109,27,16027433,96790,849,175445,82061700,Yellow
2023-05-07,Italy,23863068,8483,187793,53,25455288,316832,1449,202792,60283114,Yellow
2023-05-14,Spain,13264196,4051,120545,31,13849391,177246,982,182189,47645668,Yellow
2023-01-01,Argentina,9690904,3112,124310,24,9402305,73030,396,120098,45896940,Yellow
2023-01-08,Colombia,6155950,2097,142178,17,5923294,60451,344,95192,49566162,Red
2023-01-15,Poland,6713679,2567,122646,22,6467179,81019,380,106859,39600399,Red
2023-01-22,Iran,7392565,2777,143413,24,6924649,251594,655,90451,82192947,Red
2023-01-29,Mexico,7042273,2580,315215,30,6633960,481145,1169,72233,133960361,Red
2023-02-05,Ukraine,5423056,1843,114178,16,4993478,84877,288,63636,41865367,Red
2023-02-12,Peru,4145597,1169,211490,13,3850382,81793,340,78181,32937715,Red
2023-02-19,Indonesia,7005494,2114,157114,21,6916240,38362,207,55986,268450942,Red
2023-02-26,Czechia,4404293,1478,40592,10,4578228,60439,173,139995,10645562,Yellow
2023-03-05,Netherlands,8913854,3132,22118,15,8587916,168838,312,162673,17522956,Yellow
2023-03-12,Canada,4622510,1763,49232,12,4322705,52275,199,162773,37755239,Yellow
2023-03-19,Chile,5043332,1849,61118,16,5139124,91142,275,117203,18937357,Yellow
2023-03-26,Philippines,3897264,1336,64052,10,4037697,33949,116,52640,111536685,Red
2023-04-02,Australia,11862781,5235,18680,24,11416560,174454,379,282446,26177702,Yellow
2023-04-09,Belgium,4797223,1678,34253,8,4683965,70165,186,150055,11883262,Yellow
2023-04-16,Sweden,2761832,893,23852,5,2669970,27049,76,125874,10139957,Yellow
2023-04-23,Israel,4930210,1680,11687,4,4666659,89005,138,282071,9300766,Yellow
2023-04-30,Portugal,5265725,1934,24878,7,5278998,73025,161,212885,10286899,Yellow
2023-05-07,Austria,5915079,2041,22018,6,6058463,78870,171,196106,8882764,Yellow
2023-05-14,Switzerland,4230982,1567,14381,4,4182297,85391,148,220123,8588009,Yellow
2023-01-01,Japan,34198241,12344,70501,87,32615534,886635,3183,93438,123457379,Red
2023-01-08,South Korea,30369894,10548,31565,52,28713332,448608,1936,138579,49848336,Yellow
2023-01-15,Vietnam,11305533,4463,42845,17,11340370,265673,672,81449,94515286,Yellow
2023-01-22,Thailand,4494872,1661,34350,8,4713656,65257,185,61902,67046485,Yellow
2023-01-29,Malaysia,4905491,1880,37143,9,4713576,109553,283,99451,33196807,Yellow
2023-02-05,Pakistan,1542554,598,30493,4,1462671,9505,42,29507,223536003,Red
2023-02-12,Bangladesh,2076610,708,27856,5,1887671,42102,113,27416,171389944,Yellow
2023-02-19,Egypt,522084,193,24376,3,444664,48766,83,18213,104342720,Red
2023-02-26,Saudi Arabia,872526,315,9909,2,848655,10480,29,112813,33241120,Yellow
2023-03-05,UAE,1047083,389,2272,1,987907,11254,30,369053,10145408,Yellow
2023-03-12,Qatar,452121,157,699,0,475888,4139,12,225387,2984450,Yellow
2023-03-19,Kuwait,674074,223,2668,1,639686,7117,18,171983,4245798,Yellow
2023-03-26,Singapore,2257373,809,1650,1,2175319,18912,41,392287,5900230,Yellow
2023-04-02,New Zealand,2112868,751,2506,2,2158774,26449,28,235864,5363752,Yellow
2023-04-09,Norway,1540645,487,4208,2,1455132,11168,24,192206,5437509,Yellow
2023-04-16,Denmark,3198015,1064,6690,3,3139081,43230,43,287636,6066303,Yellow
2023-04-23,Finland,1503410,486,5543,2,1398511,25343,27,201544,5299420,Yellow
2023-04-30,Ireland,1687682,581,6892,2,1590545,32411,36,176558,4797071,Yellow
2023-05-07,Greece,5524743,2056,37072,9,5513604,113108,242,150918,10338385,Yellow
2023-05-14,Hungary,2113736,788,47501,5,2000849,49608,124,119482,9782214,Red
2023-01-01,USA,96267435,14337,1145660,115,96248066,4875048,8375,1759196,341467142,Red
2023-01-08,India,45613847,8375,531751,51,44073209,675200,2249,339549,1447380172,Red
2023-01-15,Brazil,36313117,7269,671228,47,35771397,709999,3044,167344,210632537,Red
2023-01-22,France,38032569,12513,161095,84,36279927,336269,1873,212381,64349581,Yellow
2023-01-29,Germany,37467239,11544,166751,76,34775559,331765,1637,190353,85705747,Yellow
2023-02-05,UK,23398301,9190,191427,62,23986626,196936,919,215257,68507701,Yellow
2023-02-12,Russia,21802842,5938,409109,41,22395748,202269,1199,233441,141598726,Red
2023-02-19,Turkey,17434437,4616,105102,27,16044700,95035,814,175405,84256404,Yellow
2023-02-26,Italy,24321995,8667,180873,55,25456442,323398,1357,202439,61863554,Yellow
2023-03-05,Spain,12928923,3862,125802,30,13301483,188393,992,173528,48681752,Yellow
2023-03-12,Argentina,9593956,3095,125329,25,9661363,73291,419,117534,45298271,Yellow
2023-03-19,Colombia,6086569,1945,137769,18,6100170,60117,346,98974,49810490,Red
2023-03-26,Poland,6779303,2431,115242,22,6028718,81816,396,104034,39695484,Red
2023-04-02,Iran,7731090,2810,149673,23,6808813,261142,653,85283,86388582,Red
2023-04-09,Mexico,7296051,2624,335092,29,6464584,459905,1172,75128,126825440,Red
2023-04-16,Ukraine,5600589,1814,107138,17,5117298,90164,286,65571,43034038,Red
2023-04-23,Peru,4430579,1151,216699,14,4166907,81636,345,84496,33762640,Red
2023-04-30,Indonesia,6586868,2283,162856,19,6538350,38930,220,53569,265961608,Red
2023-05-07,Czechia,4780577,1465,40251,10,4339477,59495,176,147792,10348730,Yellow
2023-05-14,Netherlands,8533441,3081,23360,15,8478217,173629,326,169208,17451911,Yellow
2023-01-01,Canada,4638348,1870,49457,12,4309076,51054,181,171723,37201952,Yellow
2023-01-08,Chile,5405967,1987,61032,16,5062863,92779,269,113545,19346209,Yellow
2023-01-15,Philippines,4025381,1451,69083,10,4079133,32491,114,52177,104835532,Red
2023-01-22,Australia,11051560,5670,17852,25,11752298,181739,399,306194,26098199,Yellow
2023-01-29,Belgium,4572130,1625,34598,8,4734408,69766,196,148650,11250791,Yellow
2023-02-05,Sweden,2680319,905,23386,5,2696736,27298,82,129766,9880253,Yellow
2023-02-12,Israel,4952647,1630,12162,4,4784428,88408,140,267973,8856781,Yellow
2023-02-19,Portugal,5698402,1883,24165,7,5640799,73123,157,205341,10642288,Yellow
2023-02-26,Austria,5704171,2073,21802,6,5779536,77762,164,191578,9330619,Yellow
2023-03-05,Switzerland,4404729,1464,13898,4,4085478,89028,147,224570,8370904,Yellow
2023-03-12,Japan,32727456,12268,71501,88,31270255,931484,3160,92935,129301919,Red
2023-03-19,South Korea,29166323,10995,31392,52,28667780,467688,1897,134472,52261315,Yellow
2023-03-26,Vietnam,11062845,4311,43257,19,11381255,246709,683,83405,101881903,Yellow
2023-04-02,Thailand,4623679,1555,33090,8,4661507,63757,182,59906,68917768,Yellow
2023-04-09,Malaysia,5221455,1833,37812,9,4895329,118240,276,97867,33191562,Yellow
2023-04-16,Pakistan,1542243,575,31690,4,1455985,9383,40,31739,210397786,Red
2023-04-23,Bangladesh,2033814,725,27780,5,2004840,41423,109,27991,162298456,Yellow
2023-04-30,Egypt,525455,200,24556,3,432235,48857,89,18227,106730940,Red
2023-05-07,Saudi Arabia,828545,299,9300,2,833535,10590,28,116944,34935653,Yellow
2023-05-14,UAE,1099537,404,2382,1,1040856,12206,33,370612,9562758,Yellow
2023-01-01,Qatar,491735,155,702,0,457687,4373,12,245476,2770638,Yellow
2023-01-08,Kuwait,643618,217,2560,1,626247,7171,18,158937,4356907,Yellow
2023-01-15,Singapore,2199395,814,1736,1,2091583,18450,40,395575,5934741,Yellow
2023-01-22,New Zealand,2058184,755,2454,2,2138624,28232,29,239238,5055457,Yellow
2023-01-29,Norway,1467726,488,4288,2,1541923,11591,26,203455,5664410,Yellow
2023-02-05,Denmark,3051804,1142,6709,3,3197183,45152,41,291269,5551444,Yellow
2023-02-12,Finland,1516435,515,5478,2,1411705,24864,28,199949,5421459,Yellow
2023-02-19,Ireland,1700455,610,6703,2,1643737,34526,35,179803,5158429,Yellow
2023-02-26,Greece,5539858,2070,35979,9,5779351,115408,253,154117,10213773,Yellow
2023-03-05,Hungary,2151302,829,49576,5,2158762,50083,125,116355,9459685,Red
2023-03-12,USA,105123485,15313,1081873,122,91373077,4806749,8568,1899945,332132696,Red
2023-03-19,India,43828029,8270,512709,49,42180136,650020,2209,336139,1424684641,Red
2023-03-26,Brazil,35686111,7138,709735,46,36355208,733822,2961,167398,204547026,Red
2023-04-02,France,37959920,12216,163150,84,36962236,350906,1721,218195,70385960,Yellow
2023-04-09,Germany,37748342,11130,155530,78,34628409,343962,1647,190522,85655006,Yellow
2023-04-16,UK,23380933,9740,189928,63,22450438,200920,906,232262,65638877,Yellow
2023-04-23,Russia,22378698,5795,380858,42,21486241,198523,1229,245449,149095316,Red
2023-04-30,Turkey,17444753,4671,99464,27,17389933,101539,869,179313,83330202,Yellow
2023-05-07,Italy,24344094,8816,184081,57,25621198,314186,1349,191381,59809860,Yellow
2023-05-14,Spain,13808092,3812,122986,29,13286783,175064,982,176417,48742795,Yellow
2023-01-01,Argentina,9670427,3098,131965,25,9613883,70816,386,117644,47396415,Yellow
2023-01-08,Colombia,6383353,1926,143717,17,5846884,55334,343,94154,48903412,Red
2023-01-15,Poland,6586794,2459,117243,22,6330790,79592,370,106357,37599189,Red
2023-01-22,Iran,7526831,2868,148917,24,7014785,255195,642,89754,84838004,Red
2023-01-29,Mexico,6905009,2512,329052,29,6468567,453454,1171,76583,126416791,Red
2023-02-05,Ukraine,5581063,1857,116318,16,5142138,93313,280,60177,43398032,Red
2023-02-12,Peru,4222935,1240,220924,15,3896120,79615,337,84950,31522487,Red
2023-02-19,Indonesia,6586833,2202,154983,19,6332677,37558,220,55766,278065204,Red
2023-02-26,Czechia,4388757,1426,42740,10,4416713,56281,172,141555,10631749,Yellow
2023-03-05,Netherlands,8577259,3132,22106,15,7965215,182276,309,163662,16868941,Yellow
2023-03-12,Canada,4579904,1821,48894,12,4257835,51613,182,164720,39200927,Yellow
2023-03-19,Chile,4948626,1991,58375,16,5296105,89582,284,122565,19677891,Yellow
2023-03-26,Philippines,4104958,1418,63854,10,3977641,32371,115,51367,108851669,Red
2023-04-02,Australia,11185470,5368,18640,24,11336015,173527,393,302367,25182018,Yellow
2023-04-09,Belgium,4768231,1621,32100,8,4771865,66637,190,143952,11658807,Yellow
2023-04-16,Sweden,2612079,904,23775,5,2781326,27855,80,129689,10179678,Yellow
2023-04-23,Israel,4891650,1748,11735,4,4738876,91390,141,293767,8957127,Yellow
2023-04-30,Portugal,5437704,1825,25357,7,5568736,71900,155,215679,10435125,Yellow
2023-05-07,Austria,6262038,2155,21408,6,5797895,79303,165,189355,8586293,Yellow
2023-05-14,Switzerland,4240509,1506,14018,4,4216470,89554,147,215031,8251501,Yellow
2023-01-01,Japan,32475519,12556,72559,82,31688652,915626,3230,92469,119595395,Red
2023-01-08,South Korea,28840421,10826,32052,49,30008896,482391,1796,133779,49905716,Yellow
2023-01-15,Vietnam,11988398,4560,40993,18,11404055,247586,654,84297,93106273,Yellow
2023-01-22,Thailand,4877349,1669,32353,8,4515010,69917,199,63682,73260701,Yellow
2023-01-29,Malaysia,4878971,1728,37567,9,4672107,115841,276,95335,31911521,Yellow
2023-02-05,Pakistan,1595117,626,31837,4,1550257,9919,43,32309,212283896,Red
2023-02-12,Bangladesh,2094396,713,30076,5,1887152,41724,113,27250,159752339,Yellow
2023-02-19,Egypt,517843,191,24639,3,443454,50303,83,17784,106448481,Red
2023-02-26,Saudi Arabia,842491,294,9877,2,835861,10856,27,115022,34870158,Yellow
2023-03-05,UAE,1022894,408,2338,1,1055763,11437,31,389045,9637927,Yellow
2023-03-12,Qatar,450876,144,664,0,476786,4267,12,236407,2987537,Yellow
2023-03-19,Kuwait,686216,222,2654,1,674236,7600,18,164776,4225161,Yellow
2023-03-26,Singapore,2288092,788,1729,1,2179991,18786,43,385190,5753480,Yellow
2023-04-02,New Zealand,2127951,759,2515,2,2117662,28681,29,237072,4970129,Yellow
2023-04-09,Norway,1475854,477,4133,2,1497638,11355,25,201098,5353766,Yellow
2023-04-16,Denmark,3151747,1141,6466,3,3051292,44796,41,286190,5723127,Yellow
2023-04-23,Finland,1533893,524,5478,2,1400276,25084,27,187806,5628049,Yellow
2023-04-30,Ireland,1767509,628,7048,2,1624234,31752,36,189924,4845843,Yellow
2023-05-07,Greece,6024510,2050,36168,9,5617814,112714,243,161703,10480288,Yellow
2023-05-14,Hungary,2261573,770,47426,5,2124592,50870,115,120144,9278915,Red
2023-01-01,USA,102434520,15387,1152448,121,98324614,4804200,8673,1825768,320781671,Red
2023-01-08,India,43128630,7620,509368,50,43051331,702357,2179,337243,1367221927,Red
2023-01-15,Brazil,35748026,6665,689617,44,34266957,715066,3230,160294,222307019,Red
2023-01-22,France,39514506,11788,150764,88,39238050,349445,1827,201865,66572678,Yellow
2023-01-29,Germany,36383145,10988,165886,79,34108558,354110,1630,203463,84565097,Yellow
2023-02-05,UK,22822073,9757,203152,64,23549239,202483,993,217881,66139491,Yellow
2023-02-12,Russia,21123237,6110,386311,41,21583106,211188,1171,238943,140554690,Red
2023-02-19,Turkey,17277953,4476,104619,29,16869509,98352,836,178319,80578464,Yellow
2023-02-26,Italy,23762654,8308,181156,55,23485779,326640,1386,192722,59224698,Yellow
2023-03-05,Spain,13042091,4199,124929,30,12615276,174252,907,180157,45777313,Yellow
2023-03-12,Argentina,9847759,2978,133302,24,9221264,73134,400,114498,43823267,Yellow
2023-03-19,Colombia,6420894,1990,146330,18,6152208,56369,337,91872,52124657,Red
2023-03-26,Poland,6598775,2416,113264,21,6327937,79592,376,102556,36065026,Red
2023-04-02,Iran,7293202,2883,150664,24,6910956,262559,640,88080,85491386,Red
2023-04-09,Mexico,7352769,2650,337480,29,6488175,465006,1233,72356,126457106,Red
2023-04-16,Ukraine,5258115,1750,108833,15,5366435,89963,288,63703,44028820,Red
2023-04-23,Peru,4224922,1150,225181,14,3816632,81546,328,82539,33207340,Red
2023-04-30,Indonesia,6967614,2240,157482,19,6598766,39945,207,57202,267904938,Red
2023-05-07,Czechia,4668831,1523,43566,10,4585190,56424,178,151347,10480766,Yellow
2023-05-14,Netherlands,8796840,3127,21628,15,8094419,169663,309,174926,17806119,Yellow
2023-01-01,Canada,4570926,1881,48978,12,4315419,50960,196,172360,39410853,Yellow
2023-01-08,Chile,5235520,1834,61248,15,5107387,88771,286,114988,18512831,Yellow
2023-01-15,Philippines,3933407,1391,63337,10,4159174,32871,116,50084,104614044,Red
2023-01-22,Australia,11347873,5744,17535,24,11650215,179357,375,289167,26722335,Yellow
2023-01-29,Belgium,4589645,1587,31391,8,4638240,66330,183,155926,11327380,Yellow
2023-02-05,Sweden,2630877,912,22928,5,2711009,25805,81,136137,10453370,Yellow
2023-02-12,Israel,5027045,1683,11762,4,4636467,88733,135,290061,9070780,Yellow
2023-02-19,Portugal,5441204,1857,25246,7,5476121,77883,168,201810,9818318,Yellow
2023-02-26,Austria,6235228,2202,20574,6,5880047,76249,175,203725,9080398,Yellow
2023-03-05,Switzerland,4457701,1486,13720,4,4166673,86841,148,213352,8621621,Yellow
2023-03-12,Japan,33972877,12473,75800,85,32645562,941255,3225,90338,122063659,Red
2023-03-19,South Korea,30007911,10703,31509,51,29666571,463233,1926,134222,51451163,Yellow
2023-03-26,Vietnam,11588439,4371,44732,18,11041656,262168,684,78278,100189299,Yellow
2023-04-02,Thailand,4696483,1525,34162,8,4789216,66402,184,62272,70431174,Yellow
2023-04-09,Malaysia,4847621,1827,37621,9,4617653,113052,286,96418,31285950,Yellow
2023-04-16,Pakistan,1604925,592,30784,4,1501813,9032,43,30918,221056473,Red
2023-04-23,Bangladesh,1985497,726,30138,5,1873149,41786,112,27306,167324908,Red
2023-04-30,Egypt,490502,199,23245,3,451727,51823,86,18664,104985575,Red
2023-05-07,Saudi Arabia,852220,314,9196,2,836573,9920,29,116862,35249329,Yellow
2023-05-14,UAE,1016097,387,2240,1,1017545,11546,33,382461,9430647,Yellow
2023-01-01,Qatar,490702,156,700,0,473168,4548,13,242507,2940530,Yellow
2023-01-08,Kuwait,689959,226,2431,1,643236,7391,17,171692,4345725,Yellow
2023-01-15,Singapore,2291270,822,1714,1,2235863,18304,42,370361,5571790,Yellow
2023-01-22,New Zealand,2072733,776,2624,2,2060516,28627,29,245782,5074815,Yellow
2023-01-29,Norway,1427318,513,4453,2,1467017,11954,26,190798,5329459,Yellow
2023-02-05,Denmark,3337062,1114,6514,3,3286940,43857,42,272091,5928767,Yellow
2023-02-12,Finland,1489228,482,5260,2,1433379,25230,27,198287,5373023,Yellow
2023-02-19,Ireland,1779331,572,7025,2,1596994,34410,36,191711,4994982,Yellow
2023-02-26,Greece,6068900,2084,36356,9,5697767,113509,256,149775,10829734,Yellow
2023-03-05,Hungary,2277662,809,46152,5,2198558,51871,115,118593,9988868,Red
2023-03-12,USA,98923934,15445,1055324,120,93839473,4844165,8469,1915378,344950251,Red
2023-03-19,India,44482940,7985,551710,48,42455443,701269,2128,364502,1446033823,Red
2023-03-26,Brazil,38299206,6732,706759,45,35027927,718900,3050,156245,202577274,Red
2023-04-02,France,37304304,11550,163203,82,37522244,327746,1713,218483,68227276,Yellow
2023-04-09,Germany,34810174,11204,168139,77,34299827,350268,1683,191503,82474824,Yellow
2023-04-16,UK,24136323,9434,196400,60,23973121,204601,955,226178,70239813,Yellow
2023-04-23,Russia,22959541,5820,395689,41,22465184,196159,1214,233987,142376495,Red
2023-04-30,Turkey,17333251,4496,100297,27,16718922,99492,864,171790,88355079,Yellow
2023-05-07,Italy,25175153,8130,181614,54,24144085,312391,1447,199297,61086796,Yellow
2023-05-14,Spain,12956188,4033,119215,31,13068930,186799,923,174028,48791367,Yellow
2023-01-01,Argentina,9912707,2931,133560,24,9230540,67928,385,112197,43422766,Yellow
2023-01-08,Colombia,6608734,2060,143447,18,6333797,59893,362,92059,49191966,Red
2023-01-15,Poland,6266055,2453,123671,22,6246340,81467,367,106785,38879350,Red
2023-01-22,Iran,7513747,2787,143185,23,7019965,244598,681,83604,80936885,Red
2023-01-29,Mexico,7471709,2473,333534,31,6502202,492177,1241,77294,132056038,Red
2023-02-05,Ukraine,5530015,1723,112458,15,5169857,89112,280,60349,41861376,Red
2023-02-12,Peru,4384717,1187,219999,14,4059293,80285,356,79470,33518492,Red
2023-02-19,Indonesia,6937689,2196,164262,20,6310555,38881,202,55363,269317064,Red
2023-02-26,Czechia,4535366,1515,40897,10,4641176,60076,176,144780,10819299,Yellow
2023-03-05,Netherlands,8324553,3133,22528,15,8665618,174037,324,165564,17741095,Yellow
2023-03-12,Canada,4639213,1835,46100,12,4465457,50402,187,162042,37401406,Yellow
2023-03-19,Chile,5361259,1968,60296,15,5279556,85699,292,123474,18351208,Yellow
2023-03-26,Philippines,4250500,1439,65919,10,3860573,33313,115,52736,104309140,Red
2023-04-02,Australia,11975227,5247,18274,25,11274480,187097,382,280941,25928566,Yellow
2023-04-09,Belgium,4705331,1597,34487,8,4646831,66810,192,148953,11523754,Yellow
2023-04-16,Sweden,2700409,864,23231,5,2671660,26264,81,134875,10651889,Yellow
2023-04-23,Israel,4943182,1656,12292,4,4653687,85062,137,274441,9208957,Yellow
2023-04-30,Portugal,5582480,1992,25016,7,5312566,73745,158,201486,10120895,Yellow
2023-05-07,Austria,6121180,2025,21282,6,5679826,82475,176,200039,8908278,Yellow
2023-05-14,Switzerland,4530149,1500,13399,4,4253449,84650,145,217279,8192744,Yellow
2023-01-01,Japan,34287018,12142,72182,85,30920515,971200,3305,95668,123731310,Red
2023-01-08,South Korea,29513985,11223,32544,48,30191379,466310,1862,128973,54161024,Yellow
2023-01-15,Vietnam,11356920,4527,42882,19,10873891,248755,698,79052,100934696,Yellow
2023-01-22,Thailand,4509172,1522,31501,8,4396940,69621,194,62760,68609059,Yellow
2023-01-29,Malaysia,5039140,1769,35668,9,4875398,112552,282,95137,32886213,Yellow
2023-02-05,Pakistan,1497143,601,29819,4,1544570,9699,42,31013,227640528,Red
2023-02-12,Bangladesh,2023016,671,30367,5,2032895,42983,114,27121,163036899,Red
2023-02-19,Egypt,517196,197,23595,3,443387,48706,84,17610,97083170,Red
2023-02-26,Saudi Arabia,822069,286,9583,2,807329,9981,29,120157,33319296,Yellow
2023-03-05,UAE,1059537,383,2230,1,1066362,11958,32,398185,9780154,Yellow
2023-03-12,Qatar,447934,148,688,0,466873,4245,12,240226,3015199,Yellow
2023-03-19,Kuwait,629465,212,2494,1,622653,7215,18,158037,4352500,Yellow
2023-03-26,Singapore,2270972,805,1650,1,2194355,17457,44,369836,5598986,Yellow
2023-04-02,New Zealand,2070640,764,2504,2,2154460,26185,27,244823,4960953,Yellow
2023-04-09,Norway,1444059,515,4087,2,1464654,12021,26,188384,5567057,Yellow
2023-04-16,Denmark,3207118,1067,6180,3,3085843,41910,44,298631,6029059,Yellow
2023-04-23,Finland,1540499,483,5345,2,1417590,24421,28,188341,5595085,Yellow
2023-04-30,Ireland,1651690,576,6485,2,1602140,33552,34,184768,5021489,Yellow
2023-05-07,Greece,5871276,2027,34589,9,5612016,113183,256,152894,9909471,Yellow
2023-05-14,Hungary,2108776,817,47227,5,2120093,49541,118,116603,10018674,Red
2023-01-01,USA,96471985,14297,1133284,119,91015846,5038916,8740,1781372,340541909,Red
2023-01-08,India,45141096,8349,533819,52,46351685,637204,2187,347561,1346746850,Red
2023-01-15,Brazil,37150350,6686,695880,45,36508276,723463,3095,156395,217444814,Red
2023-01-22,France,38522234,12050,154737,83,37824840,355451,1850,218143,65478120,Yellow
2023-01-29,Germany,36813929,11230,168994,76,36665957,335730,1680,186041,79375547,Yellow
2023-02-05,UK,25142045,9852,192992,61,22609241,205729,945,234309,65773706,Yellow
2023-02-12,Russia,22035861,6128,378690,39,21350435,204528,1185,253158,141307982,Red
2023-02-19,Turkey,16699026,4636,102182,27,17018556,97903,839,176356,82932216,Yellow
2023-02-26,Italy,25737965,8364,177856,54,25305200,327204,1404,200641,59907435,Yellow
2023-03-05,Spain,13190624,4126,118143,30,13574180,187091,979,166796,47440474,Yellow
2023-03-12,Argentina,9740192,2874,130096,26,9385986,68851,394,120369,45194695,Yellow
2023-03-19,Colombia,6034428,2079,147314,18,6368937,58667,351,95253,49635027,Red
2023-03-26,Poland,6191478,2512,118923,22,6063338,84458,386,102934,36115557,Red
2023-04-02,Iran,7846986,2889,146913,23,7366345,267829,635,86791,85893364,Red
2023-04-09,Mexico,7441906,2588,346263,29,6701402,470421,1173,71748,126665534,Red
2023-04-16,Ukraine,5505826,1826,106910,16,5032120,88580,292,66083,43114157,Red
2023-04-23,Peru,4260850,1203,213089,14,4088826,80185,348,78222,34210905,Red
2023-04-30,Indonesia,6577840,2251,159303,19,6296588,40790,212,56867,279736092,Red
2023-05-07,Czechia,4441961,1437,41672,10,4457440,55928,183,144170,11082809,Yellow
2023-05-14,Netherlands,8287706,3059,22300,15,8313515,178917,305,175542,17391270,Yellow
2023-01-01,Canada,4522152,1754,49957,12,4435484,50869,192,160809,36597539,Yellow
2023-01-08,Chile,5311590,1835,62306,15,5270148,87033,280,118379,19474783,Yellow
2023-01-15,Philippines,4165681,1452,66712,10,4068900,33677,121,51908,105796204,Red
2023-01-22,Australia,11246924,5346,17657,25,11278844,191078,375,300985,25548960,Yellow
2023-01-29,Belgium,4913787,1676,34069,8,4742451,64018,182,143520,10999751,Yellow
2023-02-05,Sweden,2764232,885,24047,5,2769391,27212,78,126019,10738321,Yellow
2023-02-12,Israel,4826090,1646,12385,4,4475371,84327,146,272008,8855865,Yellow
2023-02-19,Portugal,5561446,1955,23754,7,5660561,72409,159,215001,10611159,Yellow
2023-02-26,Austria,5951760,2133,21286,6,5655818,78523,169,188938,9327808,Yellow
2023-03-05,Switzerland,4289002,1500,13372,4,4435186,86090,143,216580,8569541,Yellow
2023-03-12,Japan,32524710,12066,72206,86,31297071,903664,3052,92295,128874152,Red
2023-03-19,South Korea,30773538,11241,31546,51,28414930,458429,1890,139882,52317531,Yellow
2023-03-26,Vietnam,10941553,4378,43446,17,11132638,246385,683,85626,100248926,Yellow
2023-04-02,Thailand,4519554,1679,33616,8,4666220,65682,190,62115,69324000,Yellow
2023-04-09,Malaysia,4773001,1885,35574,9,4792262,118272,283,96553,33531736,Yellow
2023-04-16,Pakistan,1497894,609,30146,4,1461849,9922,43,30176,219174050,Red
2023-04-23,Bangladesh,2102158,679,28873,5,1979494,40323,106,25784,171231839,Yellow
2023-04-30,Egypt,525488,204,23686,3,457706,51361,82,17583,101860995,Red
2023-05-07,Saudi Arabia,837831,287,9236,2,810424,10826,28,116774,34669915,Yellow
2023-05-14,UAE,1007773,381,2281,1,1005640,11122,31,386294,10048515,Yellow
2023-01-01,Qatar,469606,146,697,0,462330,4475,12,245435,2972614,Yellow
2023-01-08,Kuwait,658249,219,2441,1,620644,7784,18,163289,4293267,Yellow
2023-01-15,Singapore,2128104,829,1629,1,2249866,17552,43,392464,5662682,Yellow
2023-01-22,New Zealand,2086109,767,2464,2,2137553,26569,29,244738,5103492,Yellow
2023-01-29,Norway,1484776,512,4490,2,1493024,12239,25,195245,5673695,Yellow
2023-02-05,Denmark,3237072,1092,6610,3,3103727,43663,40,278382,5977491,Yellow
2023-02-12,Finland,1520264,492,5598,2,1514068,23310,27,194122,5702073,Yellow
2023-02-19,Ireland,1622702,592,6706,2,1669078,32395,37,184460,4718749,Yellow
2023-02-26,Greece,5727275,2098,36337,9,5834152,113429,252,158203,10366574,Yellow
2023-03-05,Hungary,2227689,763,45649,5,2127606,53003,123,120067,9842222,Red
2023-03-12,USA,101031676,15551,1114971,117,97701852,5014249,8081,1818424,341924082,Red
2023-03-19,India,46604204,8063,551904,50,44837620,703193,2204,333977,1317799764,Red
2023-03-26,Brazil,37587166,6957,702824,47,35294342,690020,2957,159941,220506948,Red
2023-04-02,France,36719151,12270,163904,85,39217297,343307,1812,210934,67726222,Yellow
2023-04-09,Germany,34454047,10985,165628,76,35645954,339126,1772,188535,80681652,Yellow
2023-04-16,UK,24341806,9855,187601,59,23848011,203066,994,230860,66560990,Yellow
2023-04-23,Russia,20958325,6240,410897,41,20801844,198218,1205,256881,142816171,Red
2023-04-30,Turkey,17145818,4465,96621,28,17011093,103727,846,188024,84560142,Yellow
2023-05-07,Italy,26100576,8310,185628,57,24675439,326129,1462,189094,57692182,Yellow
2023-05-14,Spain,13601890,4037,115706,30,12783987,179970,966,181569,45781461,Yellow
2023-01-01,Argentina,9690407,3124,123652,26,9177204,70723,383,117352,46716499,Yellow
2023-01-08,Colombia,6390272,1942,140893,18,6163659,56418,349,94562,48933628,Red
2023-01-15,Poland,6472864,2531,116561,22,6466126,81355,370,105426,36889572,Red
2023-01-22,Iran,7534213,2837,143798,23,7116615,260991,648,91076,84603650,Red
2023-01-29,Mexico,7517855,2661,332548,31,6225134,470713,1195,74851,128219147,Red
2023-02-05,Ukraine,5338495,1734,105936,16,5286591,93364,282,62201,45159886,Red
2023-02-12,Peru,4498312,1226,209781,14,3832042,82913,335,81945,32826197,Red
2023-02-19,Indonesia,7075638,2290,161944,20,6561610,38497,203,56443,280913304,Red
2023-02-26,Czechia,4460064,1452,41341,10,4348515,59578,180,140492,10826631,Yellow
2023-03-05,Netherlands,8133957,3116,23016,15,8038101,171651,331,174735,16726794,Yellow
2023-03-12,Canada,4320350,1885,48731,12,4269009,51399,193,167874,36694059,Yellow
2023-03-19,Chile,4949475,1839,63108,16,4992787,87638,275,119573,18979734,Yellow
2023-03-26,Philippines,3933722,1450,67270,10,3820460,33768,125,49917,107876094,Red
2023-04-02,Australia,11710458,5496,17874,25,11184507,187128,396,298073,26325909,Yellow
2023-04-09,Belgium,4498459,1560,33571,8,4605385,66894,184,144314,11592848,Yellow
2023-04-16,Sweden,2651123,933,22483,5,2645573,27794,76,124523,10283658,Yellow
2023-04-23,Israel,4965540,1691,11768,4,4644909,88673,143,280765,8897099,Yellow
2023-04-30,Portugal,5237800,1903,25722,7,5583139,73816,165,207958,9921374,Yellow
2023-05-07,Austria,6188681,2070,20887,6,5690743,81449,178,196732,9067951,Yellow
2023-05-14,Switzerland,4304016,1514,14418,4,4302450,83749,156,206168,8534157,Yellow
2023-01-01,Japan,31739944,11596,76386,84,30598533,900478,3232,94344,125987788,Red
2023-01-08,South Korea,30590211,10880,34180,50,28234909,467210,1856,130610,49997402,Yellow
2023-01-15,Vietnam,11648284,4711,44792,17,11282730,250854,648,85994,98885078,Yellow
2023-01-22,Thailand,4877412,1561,32772,8,4630368,63711,185,62379,72260720,Yellow
2023-01-29,Malaysia,5117536,1828,36330,9,5033346,114676,289,99837,31810883,Yellow
2023-02-05,Pakistan,1617647,590,30751,4,1538855,9511,43,30459,219813313,Red
2023-02-12,Bangladesh,1985753,719,28626,5,2050119,40777,111,25906,171798648,Yellow
2023-02-19,Egypt,498388,193,24243,3,420143,53382,87,18857,100299066,Red
2023-02-26,Saudi Arabia,861052,314,9797,2,787037,10474,27,112542,35130761,Yellow
2023-03-05,UAE,1082218,398,2343,1,987811,12125,32,382067,9369621,Yellow
2023-03-12,Qatar,493054,146,671,0,450365,4184,12,238522,2910532,Yellow
2023-03-19,Kuwait,654233,211,2465,1,652683,7502,18,157158,4094773,Yellow
2023-03-26,Singapore,2171844,774,1688,1,2211735,18973,43,396945,6118653,Yellow
2023-04-02,New Zealand,2158047,751,2411,2,1975936,27729,29,245896,5230419,Yellow
2023-04-09,Norway,1476121,492,4468,2,1546004,11955,26,190675,5576183,Yellow
2023-04-16,Denmark,3337842,1136,6400,3,3257782,42943,41,272506,5948993,Yellow
2023-04-23,Finland,1553762,497,5310,2,1440102,23502,28,188419,5579620,Yellow
2023-04-30,Ireland,1687929,585,6477,2,1589813,33060,34,192308,4925207,Yellow
2023-05-07,Greece,5945505,2023,36525,9,5463486,112797,249,157883,10772708,Yellow
2023-05-14,Hungary,2255999,817,48657,5,2021658,53909,124,112124,10143131,Red
2023-01-01,USA,96991551,14501,1082466,115,91421196,4774558,8657,1769636,330968097,Red
2023-01-08,India,46811488,7734,507301,48,44482414,701271,2284,356672,1439551837,Red
2023-01-15,Brazil,37019434,6676,688719,47,34695217,737299,3008,161159,214774991,Red
2023-01-22,France,39240538,12284,155017,84,36968024,333369,1867,207995,67658709,Yellow
2023-01-29,Germany,35352179,11180,164869,80,37237744,332864,1625,192340,82821296,Yellow
2023-02-05,UK,24949256,9476,197063,64,24034982,213109,987,218628,65828971,Yellow
2023-02-12,Russia,21756244,6207,389651,41,22360819,214566,1179,249155,138754307,Red
2023-02-19,Turkey,16168424,4638,98151,29,16199495,98440,834,188472,82120897,Yellow
2023-02-26,Italy,26013455,8573,194029,54,24211242,309361,1402,188676,60458728,Yellow
2023-03-05,Spain,12948237,4147,119448,29,13272246,180470,992,176700,46831010,Yellow
2023-03-12,Argentina,9622927,2912,132448,25,9193688,71314,382,114128,45066638,Yellow
2023-03-19,Colombia,6583539,1922,136896,17,5797554,56686,345,94494,53241693,Red
2023-03-26,Poland,6792895,2442,118829,21,6407374,82915,394,102419,37332532,Red
2023-04-02,Iran,7555078,2676,137197,24,7200692,244522,643,90861,84593555,Red
2023-04-09,Mexico,7294923,2608,330180,31,6342905,448817,1164,74889,123308999,Red
2023-04-16,Ukraine,5372161,1879,116151,16,5194615,87988,278,63273,42011014,Red
2023-04-23,Peru,4211081,1145,215476,14,3966177,80798,336,80399,33908851,Red
2023-04-30,Indonesia,6683492,2117,153578,20,6285843,38281,219,54218,274929651,Red
2023-05-07,Czechia,4679358,1493,40030,10,4425917,57948,185,138996,10978954,Yellow
2023-05-14,Netherlands,8714518,3339,22248,14,8031978,174318,320,171597,16790761,Yellow
2023-01-01,Canada,4631211,1767,46368,12,4223307,50400,199,159988,38272949,Yellow
2023-01-08,Chile,5350601,1901,58092,16,5280644,87304,279,120243,18629457,Yellow
2023-01-15,Philippines,3932395,1336,67691,10,4039744,35615,115,51430,106035874,Red
2023-01-22,Australia,11493583,5307,17925,24,11558382,180382,371,292515,24444622,Yellow
2023-01-29,Belgium,4492053,1678,32305,8,4515067,66630,189,149538,11074892,Yellow
2023-02-05,Sweden,2713373,942,23920,5,2621684,27207,77,128280,10201639,Yellow
2023-02-12,Israel,4771935,1616,11539,4,4576354,92253,146,268817,8847528,Yellow
2023-02-19,Portugal,5713237,1986,26140,7,5182361,73062,164,206002,10695576,Yellow
2023-02-26,Austria,5910549,2129,20609,6,5710629,80432,166,198193,8827769,Yellow
2023-03-05,Switzerland,4231509,1555,14544,4,4427931,87857,151,218564,8282079,Yellow
2023-03-12,Japan,31821873,11946,74762,86,32568147,935938,3271,92969,122014455,Red
2023-03-19,South Korea,30784532,11017,34078,52,29638440,447787,1932,134461,52153426,Yellow
2023-03-26,Vietnam,11635951,4495,45081,18,11172101,261546,706,79486,93058143,Yellow
2023-04-02,Thailand,4512528,1627,32302,8,4794320,64079,190,60204,72329790,Yellow
2023-04-09,Malaysia,4792053,1735,38706,9,4642776,114086,298,93326,34104489,Yellow
2023-04-16,Pakistan,1601552,572,30163,4,1496432,9728,42,32230,214428443,Red
2023-04-23,Bangladesh,1943271,687,28668,5,1930588,39815,111,26219,163181562,Yellow
2023-04-30,Egypt,531576,204,23617,3,452427,52742,82,17510,97125771,Red
2023-05-07,Saudi Arabia,857324,291,9640,2,860386,9912,27,112465,35289672,Yellow
2023-05-14,UAE,1006042,407,2220,1,1008159,12102,32,370655,9685906,Yellow
2023-01-01,Qatar,450487,157,684,0,482405,4323,12,238273,2813777,Yellow
2023-01-08,Kuwait,692118,211,2561,1,671490,7240,17,157990,4144819,Yellow
2023-01-15,Singapore,2172340,814,1745,1,2119975,17630,43,370917,5940104,Yellow
2023-01-22,New Zealand,2072835,746,2583,2,2049162,28747,27,248547,5077103,Yellow
2023-01-29,Norway,1546920,518,4274,2,1466632,11200,25,191873,5246375,Yellow
2023-02-05,Denmark,3343120,1064,6372,3,3300640,42191,42,290927,5940251,Yellow
2023-02-12,Finland,1572900,510,5368,2,1423091,24127,29,196120,5565985,Yellow
2023-02-19,Ireland,1743074,620,6592,2,1709660,33599,35,180486,5127543,Yellow
2023-02-26,Greece,5728231,2089,34408,9,5556319,114511,239,157338,10002175,Yellow
2023-03-05,Hungary,2108370,815,47244,5,2148483,50053,121,110587,9977097,Red
2023-03-12,USA,103799184,14996,1074727,119,94240105,4796967,8790,1856736,336743406,Red
2023-03-19,India,45262819,8094,554720,51,44747917,652496,2309,347800,1326871509,Red
2023-03-26,Brazil,36719621,7258,699011,46,36784098,684805,3078,156286,217149682,Red
2023-04-02,France,39544147,12085,155587,84,38640621,338961,1768,212184,67006029,Yellow
2023-04-09,Germany,34600311,10483,163304,81,36800802,344896,1769,202241,86902273,Yellow
2023-04-16,UK,23982300,9909,187964,60,22560697,199208,921,236225,65370125,Yellow
2023-04-23,Russia,20924978,6114,392790,40,21810988,202267,1214,247640,148085368,Red
2023-04-30,Turkey,16946723,4579,102275,29,16195179,97920,842,178285,83305092,Yellow
2023-05-07,Italy,23890758,8258,184795,56,24293755,330008,1336,189642,63159161,Yellow
2023-05-14,Spain,12985404,4064,118821,30,13264137,188184,935,170749,46594081,Yellow
2023-01-01,Argentina,9425176,2968,136420,24,9506630,72101,391,114764,47393702,Yellow
2023-01-08,Colombia,6394002,2030,147400,17,6111963,56502,357,93739,52839548,Red
2023-01-15,Poland,6659929,2402,120469,22,6612812,77501,397,109345,37029752,Red
2023-01-22,Iran,7562527,2844,144999,24,6841004,251313,635,86841,87580105,Red
2023-01-29,Mexico,7532764,2730,333982,29,6512292,459039,1237,74051,134343734,Red
2023-02-05,Ukraine,5332430,1719,107685,16,5145921,89053,268,62266,42911717,Red
2023-02-12,Peru,4207856,1257,215714,14,3853204,84277,341,84760,32791365,Red
2023-02-19,Indonesia,7050647,2180,153585,20,6374766,40397,201,56844,273550934,Red
2023-02-26,Czechia,4472854,1556,41897,10,4702173,60000,188,146655,10480576,Yellow
2023-03-05,Netherlands,8893739,3290,22597,15,8615069,175009,329,165214,16556561,Yellow
2023-03-12,Canada,4280470,1812,46693,11,4579098,52974,193,170245,36936491,Yellow
2023-03-19,Chile,5444337,1945,63831,16,5298224,87334,289,112553,18683499,Yellow
2023-03-26,Philippines,3912696,1453,68702,10,3883326,32507,122,53928,108385237,Red
2023-04-02,Australia,11949815,5447,18400,25,11136646,185668,398,295376,24854733,Yellow
2023-04-09,Belgium,4713020,1572,33110,8,4677841,63716,194,148474,11929243,Yellow
2023-04-16,Sweden,2833100,915,23851,5,2645708,26755,83,129963,10613108,Yellow
2023-04-23,Israel,4595422,1752,11557,4,4661643,86499,140,284688,8818384,Yellow
2023-04-30,Portugal,5529620,1950,25726,7,5323218,76450,154,199768,10353094,Yellow
2023-05-07,Austria,6281582,2163,20212,6,5955331,81103,170,202245,9138291,Yellow
2023-05-14,Switzerland,4410163,1490,14412,4,4332505,84315,144,213855,8992350,Yellow
2023-01-01,Japan,33427016,12381,72341,82,30916665,954857,3230,93508,119548003,Red
2023-01-08,South Korea,30587246,10582,34244,50,29416633,457376,1847,130116,50396811,Yellow
2023-01-15,Vietnam,11447722,4520,44909,18,11259888,255621,688,81504,101462411,Yellow
2023-01-22,Thailand,4759952,1521,31841,8,4632332,68521,181,61977,72816295,Yellow
2023-01-29,Malaysia,5042157,1768,36862,9,4709402,115180,281,97056,33319112,Yellow
2023-02-05,Pakistan,1632982,592,31967,4,1567068,9963,42,31554,225846793,Red
2023-02-12,Bangladesh,1937726,693,28952,5,1866939,39873,115,26786,157300321,Yellow
2023-02-19,Egypt,503720,204,24873,3,433613,51828,84,18831,102141534,Red
2023-02-26,Saudi Arabia,877835,297,9685,2,842977,10514,28,116142,33865909,Yellow
2023-03-05,UAE,1090978,398,2271,1,1041613,12186,33,396838,9458550,Yellow
2023-03-12,Qatar,467916,146,665,0,453894,4191,12,225820,2969367,Yellow
2023-03-19,Kuwait,667929,217,2474,1,662672,7638,18,163305,4114161,Yellow
2023-03-26,Singapore,2151024,778,1745,1,2194691,18425,42,378719,5831661,Yellow
2023-04-02,New Zealand,2034505,718,2472,2,2131322,26880,27,246702,5344552,Yellow
2023-04-09,Norway,1494555,505,4305,2,1514784,11670,26,202042,5249721,Yellow
2023-04-16,Denmark,3153073,1119,6495,3,3184684,42777,40,272983,6108670,Yellow
2023-04-23,Finland,1512548,506,5543,2,1468262,24694,28,186665,5803341,Yellow
2023-04-30,Ireland,1628215,598,7049,2,1599108,34491,33,191481,4977530,Yellow
2023-05-07,Greece,6075149,1976,37731,9,5515153,114790,243,150549,10056948,Yellow
2023-05-14,Hungary,2306966,829,47556,5,2083011,52685,123,116941,9521622,Red
2023-01-01,USA,103001433,15029,1136027,117,95943343,4909186,8246,1857932,328500713,Red
2023-01-08,India,45162434,7983,544020,52,44460863,639928,2108,361651,1353686743,Red
2023-01-15,Brazil,36295252,6668,700110,47,34845937,686167,3092,154001,208327538,Red
2023-01-22,France,39192421,11809,165206,81,35649241,341726,1712,202225,70582828,Yellow
2023-01-29,Germany,36665032,10868,157148,81,35486649,331586,1629,196108,80315995,Yellow
2023-02-05,UK,23190281,9404,187381,63,23094077,198476,979,235044,69381963,Yellow
2023-02-12,Russia,22904040,6048,408981,42,21902062,205085,1233,242917,138705990,Red
2023-02-19,Turkey,17548313,4515,100385,28,16000230,97246,885,176885,85110820,Yellow
2023-02-26,Italy,26124500,8592,191419,57,24707828,307380,1450,197080,62912296,Yellow
2023-03-05,Spain,13804721,4106,124717,29,13782746,179352,967,182533,46394808,Yellow
2023-03-12,Argentina,9911147,3094,124312,25,9287433,67433,382,118875,43875433,Yellow
2023-03-19,Colombia,6248493,2044,147445,17,6082706,60481,360,99707,51570533,Red
2023-03-26,Poland,6781274,2614,118385,23,6042596,83978,393,99987,38705759,Red
2023-04-02,Iran,7774548,2665,144150,25,7189234,261315,669,84593,86598259,Red
2023-04-09,Mexico,6872557,2521,334178,31,6432340,451492,1201,75821,125687256,Red
2023-04-16,Ukraine,5144238,1711,115733,17,5151830,91455,273,65020,42909691,Red
2023-04-23,Peru,4246879,1218,207517,13,4008551,84525,352,80239,34504532,Red
2023-04-30,Indonesia,7011176,2288,160627,20,6861739,40044,215,54540,284556077,Red
2023-05-07,Czechia,4824147,1462,42788,10,4363332,55761,189,149161,10654329,Yellow
2023-05-14,Netherlands,8202854,3337,23001,15,7903729,180054,309,160547,18002377,Yellow
2023-01-01,Canada,4542359,1721,48924,12,4559133,53738,185,162845,37818829,Yellow
2023-01-08,Chile,5138063,1983,58770,16,5088944,89688,272,118069,18955583,Yellow
2023-01-15,Philippines,4292665,1379,64676,10,4156263,34498,124,52314,105258716,Red
2023-01-22,Australia,11893437,5281,17746,24,11409548,181242,368,301744,25510864,Yellow
2023-01-29,Belgium,4859014,1598,34005,8,4742674,67192,182,147823,11543029,Yellow
2023-02-05,Sweden,2691547,878,22491,5,2631363,25743,84,131465,9903405,Yellow
2023-02-12,Israel,4759113,1663,11653,4,4817434,89223,133,282391,9148584,Yellow
2023-02-19,Portugal,5375374,1863,26144,7,5623042,71861,165,211000,10486983,Yellow
2023-02-26,Austria,5733825,2164,19969,6,5942553,78487,168,197739,9162041,Yellow
2023-03-05,Switzerland,4560478,1506,14697,4,4162738,84217,155,209828,8716235,Yellow
2023-03-12,Japan,34032573,11774,75308,83,31260152,930207,3217,91054,130952207,Red
2023-03-19,South Korea,31499153,11121,34084,51,28611002,449881,1924,129860,49208225,Yellow
2023-03-26,Vietnam,12071132,4597,42117,18,10916480,261925,709,79742,97855073,Yellow
2023-04-02,Thailand,4726053,1564,31397,8,4510951,68977,181,62001,71805695,Yellow
2023-04-09,Malaysia,5134494,1784,37880,9,4876740,109196,278,101336,32734753,Yellow
2023-04-16,Pakistan,1639828,577,31519,4,1543463,9124,41,31624,216125702,Red
2023-04-23,Bangladesh,2100978,678,29697,5,1945594,39547,112,27780,158034509,Yellow
2023-04-30,Egypt,501988,204,23143,3,445079,52923,88,17732,105953143,Red
2023-05-07,Saudi Arabia,835846,290,9843,2,785689,10429,28,113904,34698253,Yellow
2023-05-14,UAE,1011062,401,2362,1,992336,11662,32,380907,10139419,Yellow
2023-01-01,Qatar,491340,153,691,0,449740,4169,12,227759,2904725,Yellow
2023-01-08,Kuwait,667008,211,2618,1,651175,7561,19,157760,4344380,Yellow
2023-01-15,Singapore,2140301,805,1759,1,2117651,18973,44,388500,6027993,Yellow
2023-01-22,New Zealand,2136057,732,2528,2,2025140,28403,27,256986,5201488,Yellow
2023-01-29,Norway,1517719,523,4123,2,1465246,11847,25,188503,5364746,Yellow
2023-02-05,Denmark,3154612,1098,6492,3,3248238,41652,40,272081,5837948,Yellow
2023-02-12,Finland,1442034,515,5268,2,1398538,23550,28,200451,5697584,Yellow
2023-02-19,Ireland,1729167,603,6737,2,1684797,31704,35,180423,4887457,Yellow
2023-02-26,Greece,5811778,1909,35666,9,5745415,111235,241,160109,10283646,Yellow
2023-03-05,Hungary,2259910,811,45917,5,2162718,50105,119,117345,9307819,Red
2023-03-12,USA,101203651,15677,1083370,124,99111153,4782424,8359,1932450,344722745,Red
2023-03-19,India,46584817,8081,509383,48,42269412,662299,2205,346812,1323563011,Red
2023-03-26,Brazil,37192055,7223,716422,45,34367470,736230,3127,162592,216156855,Red
2023-04-02,France,38231564,12461,165073,85,38948142,345775,1712,209262,66814931,Yellow
2023-04-09,Germany,37355953,10701,155072,75,35352741,349322,1744,197546,82414753,Yellow
2023-04-16,UK,23768359,9226,203875,63,23752434,209312,970,223866,69017361,Yellow
2023-04-23,Russia,21194834,6067,395892,39,21748878,197056,1184,237371,139679568,Red
2023-04-30,Turkey,16198931,4460,98976,28,17100832,101336,812,180142,85089940,Yellow
2023-05-07,Italy,25637843,8789,177172,53,25557764,307916,1436,195557,62043072,Yellow
2023-05-14,Spain,13662418,4160,120007,30,13855973,182504,993,180436,48955728,Yellow
2023-01-01,Argentina,9999998,2956,133829,25,9811351,68887,390,117708,43807503,Yellow
2023-01-08,Colombia,6119167,1947,144941,19,5970205,60886,344,96556,52818889,Red
2023-01-15,Poland,6263641,2570,113648,21,6539244,79085,368,100941,38491794,Red
2023-01-22,Iran,7135908,2737,137850,24,6779947,250346,655,89941,88245766,Red
2023-01-29,Mexico,7092423,2684,326795,30,6227892,490242,1159,75002,127811593,Red
2023-02-05,Ukraine,5448556,1786,108728,16,5406641,84769,276,65483,44184947,Red
2023-02-12,Peru,4253665,1220,212166,14,3902477,83613,347,85443,34382826,Red
2023-02-19,Indonesia,6757483,2111,157474,20,6415630,39879,211,53509,283917531,Red
2023-02-26,Czechia,4785913,1519,43275,10,4337156,59951,178,149649,10644532,Yellow
2023-03-05,Netherlands,8371017,3185,23466,16,8598063,185921,317,160233,17007478,Yellow
2023-03-12,Canada,4506295,1816,47544,12,4400026,54473,191,162808,37594048,Yellow
2023-03-19,Chile,5347500,1837,63477,16,5138321,85131,266,118499,18885630,Yellow
2023-03-26,Philippines,4057583,1433,64822,10,3895627,35094,115,50170,106676849,Red
2023-04-02,Australia,11640400,5700,17958,26,11591586,184663,394,302266,25105250,Yellow
2023-04-09,Belgium,4870311,1555,32096,8,4719603,67987,182,142625,11915222,Yellow
2023-04-16,Sweden,2821371,864,23323,5,2600338,25997,82,125692,9952656,Yellow
2023-04-23,Israel,4630595,1619,12575,4,4658021,89322,146,282262,9363402,Yellow
2023-04-30,Portugal,5734623,1927,25259,7,5243233,78619,156,214502,9866276,Yellow
2023-05-07,Austria,5995270,2122,20701,6,6181171,82253,168,203125,8860055,Yellow
2023-05-14,Switzerland,4293628,1507,14207,4,4362609,85477,151,219418,8222927,Yellow
2023-01-01,Japan,32865148,11678,71210,85,33390540,883399,3322,96632,122906268,Red
2023-01-08,South Korea,31440098,10880,34283,52,28919987,460569,1932,133574,53087737,Yellow
2023-01-15,Vietnam,11491511,4543,43013,18,11515718,265388,696,77911,101046199,Yellow
2023-01-22,Thailand,4619513,1599,32833,8,4722295,68350,182,59645,67856260,Yellow
2023-01-29,Malaysia,5066700,1888,37318,9,4942953,112541,295,98339,32481166,Yellow
2023-02-05,Pakistan,1529203,578,30881,4,1601243,9077,42,31543,219347129,Red
2023-02-12,Bangladesh,1943900,714,27758,5,1939137,40700,110,26777,170126635,Yellow
2023-02-19,Egypt,495887,198,24438,3,423752,50842,81,18415,104680550,Red
2023-02-26,Saudi Arabia,808756,298,9352,2,834080,10846,27,115251,34845509,Yellow
2023-03-05,UAE,1013450,409,2349,1,1058734,11865,33,368606,9936820,Yellow
2023-03-12,Qatar,453025,153,702,0,468490,4258,12,227762,2980038,Yellow
2023-03-19,Kuwait,669298,231,2628,1,630943,7469,18,170610,4060573,Yellow
2023-03-26,Singapore,2130014,770,1709,1,2180971,17506,42,393659,5793191,Yellow
2023-04-02,New Zealand,2067590,720,2505,2,2031123,28800,29,254672,5328509,Yellow
2023-04-09,Norway,1559518,511,4146,2,1469265,11536,26,187542,5550250,Yellow
2023-04-16,Denmark,3191668,1109,6679,3,3195744,43404,41,298971,5854977,Yellow
2023-04-23,Finland,1525134,489,5374,2,1506047,24145,27,189333,5546393,Yellow
2023-04-30,Ireland,1644294,575,6798,2,1615549,33806,34,175968,4874646,Yellow
2023-05-07,Greece,5621528,1917,35223,9,5596509,115849,261,162710,10421341,Yellow
2023-05-14,Hungary,2098991,832,46242,5,2051524,53120,121,112482,9850722,Red
2023-01-01,USA,97656244,14538,1114251,116,92137000,4786390,8528,1881084,328297817,Red
2023-01-08,India,44003657,7859,506380,50,45658239,657650,2221,338684,1409553134,Red
2023-01-15,Brazil,35804939,6809,712281,44,37056940,678580,3058,161284,220694246,Red
2023-01-22,France,36437070,11826,155118,83,37013371,347318,1855,218485,65072576,Yellow
2023-01-29,Germany,34634289,10526,153902,76,36392040,322445,1704,191494,82796871,Yellow
2023-02-05,UK,23905869,9518,195217,60,24536909,207002,914,228831,67176376,Yellow
2023-02-12,Russia,21353934,5741,377101,41,22140706,212579,1155,237354,148736986,Red
2023-02-19,Turkey,16769259,4635,98739,27,16267126,102869,853,182246,82191383,Yellow
2023-02-26,Italy,25008543,8274,188829,57,25617915,313395,1461,191811,61247116,Yellow
2023-03-05,Spain,13757033,4016,114752,31,13037213,179267,932,169946,49189299,Yellow
2023-03-12,Argentina,9348526,3114,134411,25,9445671,67039,415,112852,44929136,Yellow
2023-03-19,Colombia,6488629,2030,134954,17,5833083,58990,359,91949,52887960,Red
2023-03-26,Poland,6583135,2508,115987,22,6291289,83602,370,109220,39769091,Red
2023-04-02,Iran,7186319,2751,147469,25,6822400,249463,620,87095,81651782,Red
2023-04-09,Mexico,7468977,2557,323937,30,6239065,466301,1152,73090,124583081,Red
2023-04-16,Ukraine,5627271,1831,106581,15,5104810,92016,286,62675,45981671,Red
2023-04-23,Peru,4111264,1259,214953,14,4123531,85092,330,80528,34512481,Red
2023-04-30,Indonesia,6648277,2236,157303,21,6847823,37998,207,57369,262017409,Red
2023-05-07,Czechia,4740853,1509,43439,10,4411110,58293,180,151833,10181048,Yellow
2023-05-14,Netherlands,8711021,3274,22080,15,8597719,172042,327,166959,16810314,Yellow
2023-01-01,Canada,4358034,1794,49387,12,4557182,49930,183,170957,39884849,Yellow
2023-01-08,Chile,5048862,1816,63390,16,5183649,92659,277,118777,18488799,Yellow
2023-01-15,Philippines,4046894,1409,65563,10,3858678,35090,120,50218,109027769,Red
2023-01-22,Australia,11482201,5752,18738,26,11515065,186733,382,300623,26595434,Yellow
2023-01-29,Belgium,4755580,1548,32595,8,4804711,63977,196,150202,10948462,Yellow
2023-02-05,Sweden,2664607,917,24067,5,2698373,27928,77,131958,10508669,Yellow
2023-02-12,Israel,4782017,1649,11507,4,4620860,87455,144,290911,8994863,Yellow
2023-02-19,Portugal,5636109,1907,25468,7,5400313,73818,163,208749,10569582,Yellow
2023-02-26,Austria,5722010,2015,20987,6,5985978,79367,171,202823,8805115,Yellow
2023-03-05,Switzerland,4291072,1493,13843,4,4304545,82486,153,220389,8760610,Yellow
2023-03-12,Japan,33704054,12307,74982,87,30783849,949765,3172,94892,127991683,Red
2023-03-19,South Korea,31185621,10832,33673,48,28945589,470850,1783,136393,50260122,Yellow
2023-03-26,Vietnam,11513429,4574,40869,18,11538684,248945,691,80570,92773596,Yellow
2023-04-02,Thailand,4715093,1647,31901,8,4766252,64911,190,64998,69166562,Yellow
2023-04-09,Malaysia,4803586,1877,37788,9,4674091,109432,294,99640,31912770,Yellow
2023-04-16,Pakistan,1561744,584,31007,4,1599215,9079,41,29586,226797510,Red
2023-04-23,Bangladesh,2036621,693,30352,5,1926449,41360,114,26532,168925973,Yellow
2023-04-30,Egypt,501737,193,24626,3,447142,52736,86,18222,101561644,Red
2023-05-07,Saudi Arabia,820616,315,10033,2,840650,9898,27,109898,35170663,Yellow
2023-05-14,UAE,1037115,417,2347,1,1067286,11172,32,366670,9871862,Yellow
2023-01-01,Qatar,447443,151,666,0,485727,4372,12,233826,2974222,Yellow
2023-01-08,Kuwait,648257,228,2449,1,637840,7688,19,162239,4237976,Yellow
2023-01-15,Singapore,2136519,802,1748,1,2258154,17983,42,382624,5718636,Yellow
2023-01-22,New Zealand,2063774,759,2536,2,1993759,27086,29,239186,4999698,Yellow
2023-01-29,Norway,1442964,479,4106,2,1510346,11813,24,188462,5439616,Yellow
2023-02-05,Denmark,3324969,1128,6409,3,3226223,42518,42,290391,5800353,Yellow
2023-02-12,Finland,1514039,481,5751,2,1496125,23340,29,195284,5496887,Yellow
2023-02-19,Ireland,1730447,620,6800,2,1618884,33981,36,179453,4747613,Yellow
2023-02-26,Greece,5967719,2056,35758,9,5860769,115432,255,152204,10627348,Yellow
2023-03-05,Hungary,2199657,817,47797,5,2030460,52420,124,116056,9422325,Red
2023-03-12,USA,96827895,14304,1067977,123,90759531,5018425,8150,1770862,320969165,Red
2023-03-19,India,45166979,7843,523041,49,45365545,681740,2280,337661,1367960648,Red
2023-03-26,Brazil,37321312,6834,685952,46,35512694,684265,3044,153172,207201679,Red
2023-04-02,France,38932670,11832,150927,82,38809118,336955,1742,216559,67965205,Yellow
2023-04-09,Germany,35753974,10546,166335,74,35086060,325363,1656,199922,82130575,Yellow
2023-04-16,UK,23106193,9915,193372,60,22817137,197412,942,230700,67453621,Yellow
2023-04-23,Russia,21524307,6032,407726,39,22119986,208612,1170,250300,146542672,Red
2023-04-30,Turkey,16767240,4412,104539,28,16882168,102550,835,183049,81800804,Yellow
2023-05-07,Italy,25364793,8412,179672,56,23738530,329576,1349,194551,58320740,Yellow
2023-05-14,Spain,13595551,3979,121888,31,13490907,182310,931,177490,49203200,Yellow
2023-01-01,Argentina,9658975,3030,129640,25,9610669,67789,403,109691,44999768,Yellow
2023-01-08,Colombia,6606505,2003,147398,18,6163631,55713,348,96154,50353436,Red
2023-01-15,Poland,6568754,2605,115617,21,6275366,83534,374,107918,36139970,Red
2023-01-22,Iran,7302920,2799,146561,23,7333383,258016,666,88003,84982799,Red
2023-01-29,Mexico,6913283,2728,333556,30,6610920,475559,1247,73931,128693372,Red
2023-02-05,Ukraine,5212544,1863,108728,16,5308882,91505,287,61598,44258900,Red
2023-02-12,Peru,4190762,1165,210078,14,3842161,83667,334,83171,33683203,Red
2023-02-19,Indonesia,6569263,2295,163441,19,6823644,40304,215,57080,264195254,Red
2023-02-26,Czechia,4455821,1442,43002,10,4576956,55426,174,150379,10434879,Yellow
2023-03-05,Netherlands,8317331,3302,22085,15,8463530,181893,308,165351,17940671,Yellow
2023-03-12,Canada,4353018,1779,48695,12,4339712,53824,187,169451,39699248,Yellow
2023-03-19,Chile,5406318,1972,60360,15,5241536,87097,289,118724,18404632,Yellow
2023-03-26,Philippines,3927896,1452,67407,10,4090149,34478,117,53991,108974380,Red
2023-04-02,Australia,11528188,5668,17459,24,10862227,178618,363,295820,24965433,Yellow
2023-04-09,Belgium,4657887,1646,34288,8,4557578,70068,183,150264,10994084,Yellow
2023-04-16,Sweden,2830242,882,22511,5,2752391,25740,83,131012,10218523,Yellow
2023-04-23,Israel,4613779,1629,11841,4,4487182,88702,142,286981,8872193,Yellow
2023-04-30,Portugal,5443821,1882,23895,7,5649165,72499,156,219759,10414132,Yellow
2023-05-07,Austria,6281682,2031,20184,6,6005706,80677,171,186684,9030353,Yellow
2023-05-14,Switzerland,4560823,1529,14022,4,4356492,83213,150,205399,8293698,Yellow
2023-01-01,Japan,34046338,11815,72280,87,31265790,901496,3250,99157,119626259,Red
2023-01-08,South Korea,29273708,11523,34107,48,28758936,466737,1801,135403,53293172,Yellow
2023-01-15,Vietnam,11121521,4563,40913,18,11695105,267661,705,82942,94149372,Yellow
2023-01-22,Thailand,4779262,1652,32601,8,4507205,65068,186,61891,70541392,Yellow
2023-01-29,Malaysia,5214688,1734,36398,9,4983620,108980,296,94018,32068365,Yellow
2023-02-05,Pakistan,1578912,622,29034,4,1513648,9746,40,31831,221880691,Red
2023-02-12,Bangladesh,2044537,730,27911,5,1889294,41003,109,27668,160976719,Yellow
2023-02-19,Egypt,503669,200,23793,3,418471,53100,84,17661,97786784,Red
2023-02-26,Saudi Arabia,862637,303,9593,2,823629,10032,28,112772,33835866,Yellow
2023-03-05,UAE,1017140,411,2278,1,1084243,11871,31,398007,9465233,Yellow
2023-03-12,Qatar,461713,145,682,0,458915,4224,12,224950,2859270,Yellow
2023-03-19,Kuwait,655079,220,2574,1,640718,7194,17,171288,4337587,Yellow
2023-03-26,Singapore,2201674,792,1617,1,2146012,18636,43,375631,5711827,Yellow
2023-04-02,New Zealand,2045906,723,2491,2,2074253,27758,29,247278,4870180,Yellow
2023-04-09,Norway,1442226,493,4499,2,1471218,11998,25,203502,5430264,Yellow
2023-04-16,Denmark,3235398,1052,6512,3,3269673,42671,43,290076,5891658,Yellow
2023-04-23,Finland,1468295,476,5598,2,1470812,24373,28,193331,5785967,Yellow
2023-04-30,Ireland,1713810,578,6672,2,1661288,32886,34,188506,4994288,Yellow
2023-05-07,Greece,5599530,2093,36986,9,5445680,119519,258,152582,10370019,Yellow
2023-05-14,Hungary,2195851,804,49310,5,2201375,50920,118,112438,9771200,Red
2023-01-01,USA,101329153,15699,1102343,121,92624742,4799460,8561,1941886,345163511,Red
2023-01-08,India,42983206,7946,555229,51,42505736,660255,2254,358778,1425316184,Red
2023-01-15,Brazil,36395436,6868,668976,44,36180801,709554,3062,162316,209229447,Red
2023-01-22,France,36610776,12007,150368,88,37857624,333529,1764,206961,65629094,Yellow
2023-01-29,Germany,34428150,10933,166377,81,35198767,352037,1693,186209,81225112,Yellow
2023-02-05,UK,25175905,9125,200990,64,23416374,200197,980,214449,67829975,Yellow
2023-02-12,Russia,21609178,6084,379998,41,22010037,213114,1252,246327,149563122,Red
2023-02-19,Turkey,17526787,4372,98632,27,16288797,95074,854,184717,84327138,Yellow
2023-02-26,Italy,24386602,8602,176075,54,25284621,319932,1423,195729,57789490,Yellow
2023-03-05,Spain,13745029,4060,117520,31,13396346,187326,988,180964,48459773,Yellow
2023-03-12,Argentina,10055023,2896,133551,24,9522211,67681,384,109634,46686045,Yellow
2023-03-19,Colombia,6360252,1912,142255,18,6074397,60716,341,93734,49730649,Red
2023-03-26,Poland,6481525,2570,117192,22,6146688,80618,388,102239,38522037,Red
2023-04-02,Iran,7433881,2789,142153,24,7279001,267410,671,87536,84376031,Red
2023-04-09,Mexico,7091185,2485,313545,31,6408240,478311,1243,71793,132980728,Red
2023-04-16,Ukraine,5631946,1889,108778,16,5106844,87234,278,65861,45518992,Red
2023-04-23,Peru,4442166,1147,221193,14,4038420,79444,326,79731,33083926,Red
2023-04-30,Indonesia,7116218,2243,168635,19,6927185,38235,209,58365,278228101,Red
2023-05-07,Czechia,4427177,1573,43458,10,4470868,55640,175,143925,11110184,Yellow
2023-05-14,Netherlands,8696237,3117,21428,15,8649174,171179,313,176157,17392548,Yellow
2023-01-01,Canada,4697253,1736,49913,12,4331807,49944,195,165892,37290353,Yellow
2023-01-08,Chile,5034241,1828,62728,17,4825140,88314,268,123084,19584502,Yellow
2023-01-15,Philippines,3922263,1372,67850,10,3881697,35005,124,49428,105948722,Red
2023-01-22,Australia,11777289,5281,17924,24,11208126,175473,377,302323,25413525,Yellow
2023-01-29,Belgium,4735002,1631,32663,8,4471032,64523,192,156046,11920586,Yellow
2023-02-05,Sweden,2792294,861,22547,5,2517560,27387,77,125316,10633399,Yellow
2023-02-12,Israel,4627091,1702,11479,4,4895051,85335,138,268692,9111506,Yellow
2023-02-19,Portugal,5662397,1994,24321,7,5585695,71982,153,208416,9909039,Yellow
2023-02-26,Austria,5820976,2166,20468,6,6042952,76368,178,203457,8870372,Yellow
2023-03-05,Switzerland,4252009,1517,13978,4,4157160,89644,155,215911,8414330,Yellow
2023-03-12,Japan,31892077,11768,75831,82,30785163,955768,3187,95261,121725203,Red
2023-03-19,South Korea,30943724,11136,32914,52,28224434,460185,1799,130155,52958031,Yellow
2023-03-26,Vietnam,11689977,4512,41099,18,11450913,261005,709,77906,94887640,Yellow
2023-04-02,Thailand,4710841,1588,34511,8,4797252,67250,187,63923,69480089,Yellow
2023-04-09,Malaysia,4929415,1734,38638,9,4816310,115002,280,93958,32227902,Yellow
2023-04-16,Pakistan,1629220,623,31370,4,1471729,9674,42,31415,230605702,Red
2023-04-23,Bangladesh,2008166,696,30425,5,1962429,41528,115,28119,162213913,Red
2023-04-30,Egypt,531305,194,24107,3,433349,49807,81,17476,97715821,Red
2023-05-07,Saudi Arabia,834887,296,10044,2,809736,9921,27,116901,33372594,Yellow
2023-05-14,UAE,1037079,397,2202,1,1047558,11648,33,368780,9858666,Yellow
2023-01-01,Qatar,468246,155,671,0,475170,4510,12,237438,2908617,Yellow
2023-01-08,Kuwait,646891,225,2480,1,624689,7502,17,159455,4235310,Yellow
2023-01-15,Singapore,2254474,822,1648,1,2078759,18908,42,394084,5810129,Yellow
2023-01-22,New Zealand,2100571,713,2410,2,2172326,28852,29,240130,4891613,Yellow
2023-01-29,Norway,1459832,496,4353,2,1440444,11306,25,194286,5428968,Yellow
2023-02-05,Denmark,3327864,1098,6683,3,3009457,44334,44,287834,5832763,Yellow
2023-02-12,Finland,1482584,476,5543,2,1424412,24927,29,188590,5336201,Yellow
2023-02-19,Ireland,1707404,586,6560,2,1583467,34793,34,189470,4753900,Yellow
2023-02-26,Greece,6035754,2052,37120,9,5588873,119536,262,151941,10008515,Yellow
2023-03-05,Hungary,2227332,771,48653,5,2163504,52971,119,116867,9312997,Red
2023-03-12,USA,97130670,15053,1087698,125,93491822,4774371,8319,1786782,334631341,Red
2023-03-19,India,46979245,7772,539229,52,44152174,690003,2213,356584,1338114606,Red
2023-03-26,Brazil,37472520,6658,678313,44,36225089,677296,3039,154051,207705462,Red
2023-04-02,France,37372641,11689,155554,87,37533353,351600,1726,208432,65199876,Yellow
2023-04-09,Germany,34701379,11523,168763,76,36783132,351865,1615,190071,87009190,Yellow
2023-04-16,UK,24705660,9786,190915,60,24463844,202598,945,230588,70204306,Yellow
2023-04-23,Russia,22264160,6276,393815,39,20351209,207678,1240,239170,142065225,Red
2023-04-30,Turkey,17056884,4495,104940,28,17267118,98308,856,186871,82846384,Yellow
2023-05-07,Italy,25984731,8168,188843,55,24403797,313040,1470,202640,58647753,Yellow
2023-05-14,Spain,13889606,4019,114746,31,13845270,176587,930,169688,47361492,Yellow
2023-01-01,Argentina,9458641,2986,125415,24,9583903,71835,391,116309,43123836,Yellow
2023-01-08,Colombia,6181385,2069,135011,18,6397007,60530,338,91083,51670549,Red
2023-01-15,Poland,6336518,2400,120558,22,6460379,84570,367,103861,37987769,Red
2023-01-22,Iran,7682960,2797,143246,23,6921509,247674,636,89877,88388431,Red
2023-01-29,Mexico,6864143,2509,317931,30,6424573,487613,1235,76196,123704226,Red
2023-02-05,Ukraine,5437740,1768,116083,16,5455911,91113,291,63786,45338081,Red
2023-02-12,Peru,4412857,1228,218647,14,4143012,79973,356,80217,33963471,Red
2023-02-19,Indonesia,7056201,2195,156844,20,6334262,37312,204,55317,262822046,Red
2023-02-26,Czechia,4527358,1481,42003,10,4592867,56654,187,139243,10591458,Yellow
2023-03-05,Netherlands,8773069,3166,22904,14,8171831,184817,315,171680,16826066,Yellow
2023-03-12,Canada,4324784,1793,45966,12,4183072,52693,183,165064,37067938,Yellow
2023-03-19,Chile,5380155,1954,59626,17,5001258,90967,290,120463,18647800,Yellow
2023-03-26,Philippines,3947270,1455,68026,10,3893902,33174,122,50695,109612977,Red
2023-04-02,Australia,11381880,5750,17927,26,11660322,185993,367,289821,25472326,Yellow
2023-04-09,Belgium,4839729,1646,33154,8,4525172,63838,189,147513,12014893,Yellow
2023-04-16,Sweden,2605478,883,22845,5,2736794,26663,78,123835,10011425,Yellow
2023-04-23,Israel,4670041,1732,11453,4,4465281,89115,143,275549,9635797,Yellow
2023-04-30,Portugal,5622239,1888,24164,7,5296222,72346,159,216369,9925251,Yellow
2023-05-07,Austria,6132022,2048,20886,6,5747287,81552,178,202747,9245587,Yellow
2023-05-14,Switzerland,4462105,1551,13593,4,4185434,83721,143,215392,8461514,Yellow
2023-01-01,Japan,33640030,11446,70670,84,30618197,940101,3154,94577,121309964,Red
2023-01-08,South Korea,30128173,11442,34134,49,28577017,462573,1847,128666,53550287,Yellow
2023-01-15,Vietnam,11214569,4483,45069,17,11262216,259468,680,85109,95440217,Yellow
2023-01-22,Thailand,4627477,1622,33967,8,4504026,64370,187,58981,70908811,Yellow
2023-01-29,Malaysia,4840799,1829,38309,9,4809936,107541,297,102359,32816606,Yellow
2023-02-05,Pakistan,1634127,624,29713,4,1511161,9889,44,30967,219378639,Red
2023-02-12,Bangladesh,2046929,710,30336,5,2033677,40055,115,26573,163931439,Yellow
2023-02-19,Egypt,509894,202,23273,3,457833,52630,88,18764,104368827,Red
2023-02-26,Saudi Arabia,836808,287,10033,2,819422,10919,29,109530,33365450,Yellow
2023-03-05,UAE,1096965,401,2414,1,1017421,11362,32,388135,9934313,Yellow
2023-03-12,Qatar,453708,145,694,0,446716,4238,12,236150,2993994,Yellow
2023-03-19,Kuwait,665691,225,2673,1,679471,7571,18,160369,4081176,Yellow
2023-03-26,Singapore,2201296,801,1712,1,2084129,19152,42,382262,5639782,Yellow
2023-04-02,New Zealand,2123405,764,2440,2,2028114,28643,27,248730,5230916,Yellow
2023-04-09,Norway,1427717,477,4273,2,1450114,11703,25,199429,5386007,Yellow
2023-04-16,Denmark,3319080,1054,6561,3,3093426,44784,41,270770,5773769,Yellow
2023-04-23,Finland,1564818,511,5265,2,1420650,23608,29,203519,5329243,Yellow
2023-04-30,Ireland,1711073,574,6883,2,1707005,34785,34,178794,4953351,Yellow
2023-05-07,Greece,5914057,1914,37732,9,5436711,119294,240,150870,10011607,Yellow
2023-05-14,Hungary,2292950,761,46513,5,2128330,50251,120,112280,9677322,Red
2023-01-01,USA,103093110,15685,1132185,118,91426537,4801717,8124,1764497,339725666,Red
2023-01-08,India,43436426,8190,551619,52,42493178,643210,2114,336807,1346640481,Red
2023-01-15,Brazil,37282267,6897,725837,46,37057569,688906,3013,167782,212590745,Red
2023-01-22,France,38405517,11756,165270,89,36337983,352806,1794,206120,70716188,Yellow
2023-01-29,Germany,35726870,10835,162348,76,36640438,333887,1689,187498,84752932,Yellow
2023-02-05,UK,24567466,9761,204308,65,23705329,196562,978,216157,70114399,Yellow
2023-02-12,Russia,22955607,6097,405164,40,20496613,201766,1229,250377,144756775,Red
2023-02-19,Turkey,17723466,4358,97583,28,17565153,103766,844,186382,86558068,Yellow
2023-02-26,Italy,24877098,8223,184573,53,23880055,319085,1377,190261,57624675,Yellow
2023-03-05,Spain,12977871,3839,122620,29,13674732,178491,933,166616,45612599,Yellow
2023-03-12,Argentina,10275144,3048,126715,25,9282058,67666,411,111816,43954910,Yellow
2023-03-19,Colombia,6513506,2053,143997,18,6315905,60820,334,90787,50301916,Red
2023-03-26,Poland,6256031,2441,120983,21,5993334,83599,361,100836,39210373,Red
2023-04-02,Iran,7815631,2666,139143,24,7108364,250406,669,87397,83693261,Red
2023-04-09,Mexico,7466325,2491,332148,29,6572443,449793,1197,72974,129979151,Red
2023-04-16,Ukraine,5410173,1884,114015,16,5426094,85054,270,63100,44920983,Red
2023-04-23,Peru,4339248,1175,217976,14,4163681,78887,331,79979,33284402,Red
2023-04-30,Indonesia,6731322,2259,153145,21,6810952,39315,219,58467,269102706,Red
2023-05-07,Czechia,4395190,1519,39938,10,4674686,60487,186,150886,10782447,Yellow
2023-05-14,Netherlands,8359918,3162,22178,15,8050352,177442,327,169122,17125542,Yellow
2023-01-01,Canada,4636284,1747,50046,12,4305041,53783,190,162598,36418720,Yellow
2023-01-08,Chile,4942409,1828,59345,16,4943429,88518,281,116598,20041256,Yellow
2023-01-15,Philippines,4031735,1416,66887,10,3950822,34709,126,51542,104936289,Red
2023-01-22,Australia,11382894,5651,17500,25,11179452,186220,398,301714,24600935,Yellow
2023-01-29,Belgium,4717576,1623,32412,8,4620495,64816,185,149275,11935310,Yellow
2023-02-05,Sweden,2813361,903,23800,5,2559868,26625,82,134637,10193908,Yellow
2023-02-12,Israel,4726246,1622,12275,4,4789886,89208,136,292435,9338273,Yellow
2023-02-19,Portugal,5415824,1989,23988,7,5220486,71780,155,206555,10025586,Yellow
2023-02-26,Austria,6142501,2163,20850,6,5788082,77906,173,196184,8902309,Yellow
2023-03-05,Switzerland,4378976,1469,13341,4,4301438,86299,149,206294,8395417,Yellow
2023-03-12,Japan,32091196,12576,73859,84,32948610,971950,3338,92154,123825494,Red
2023-03-19,South Korea,29857319,11112,33536,52,30206434,465811,1774,133832,51238321,Yellow
2023-03-26,Vietnam,11086986,4537,41360,19,11362998,265123,681,79591,99444648,Yellow
2023-04-02,Thailand,4547902,1640,32303,8,4441656,66545,198,64335,69880523,Yellow
2023-04-09,Malaysia,4999184,1856,36622,9,4872817,116349,302,94651,34046023,Yellow
2023-04-16,Pakistan,1557271,609,31780,4,1466879,9591,41,30863,209921369,Red
2023-04-23,Bangladesh,2114214,674,30430,5,1935963,42585,109,27285,164050320,Yellow
2023-04-30,Egypt,507913,197,22908,3,436195,50546,86,18345,102859093,Red
2023-05-07,Saudi Arabia,846769,313,9851,2,782265,10508,27,113655,36262286,Yellow
2023-05-14,UAE,1063888,389,2270,1,1011608,11852,33,399210,9329528,Yellow
2023-01-01,Qatar,447115,148,673,0,486188,4304,12,236606,2901168,Yellow
2023-01-08,Kuwait,670793,219,2615,1,679486,7185,17,164002,4421000,Yellow
2023-01-15,Singapore,2129168,795,1771,1,2147807,17556,40,368339,5699028,Yellow
2023-01-22,New Zealand,2196825,758,2613,2,1975422,26171,27,244135,5312662,Yellow
2023-01-29,Norway,1447299,522,4333,2,1432506,12137,26,201254,5159322,Yellow
2023-02-05,Denmark,3172680,1071,6407,3,3116049,42354,41,288264,5965521,Yellow
2023-02-12,Finland,1437802,481,5658,2,1535824,23793,28,201477,5769512,Yellow
2023-02-19,Ireland,1784469,582,6631,2,1600439,33984,35,184889,5027813,Yellow
2023-02-26,Greece,5801273,2077,36231,9,5798886,111948,252,149086,10336590,Yellow
2023-03-05,Hungary,2220985,812,47321,5,2017823,52031,115,109407,9258535,Red
2023-03-12,USA,96627472,14679,1117229,119,99571947,4734630,8268,1813596,344905767,Red
2023-03-19,India,46124822,8253,516241,48,43874377,700803,2295,356930,1375900879,Red
2023-03-26,Brazil,35926651,7253,673566,46,36579835,729786,3227,164644,202967631,Red
2023-04-02,France,39512606,12416,164608,89,36909717,354442,1851,205711,68679394,Yellow
2023-04-09,Germany,34938503,11461,155549,79,35953225,334849,1618,194915,83048886,Yellow
2023-04-16,UK,23257651,9265,195116,59,22873158,210378,934,223225,65253061,Yellow
2023-04-23,Russia,20980409,6153,383974,39,20642485,197699,1215,242808,141828368,Red
2023-04-30,Turkey,16952514,4482,96343,28,17535948,94135,831,175164,80628656,Yellow
2023-05-07,Italy,25162103,8791,176416,54,25523236,299879,1457,187909,60848733,Yellow
2023-05-14,Spain,12913707,4091,116103,31,13711459,181559,963,169692,47978420,Yellow
2023-01-01,Argentina,10070017,3083,134768,26,9720416,69688,383,109886,45326013,Yellow
2023-01-08,Colombia,6270572,2031,138911,18,6288044,58104,364,92132,52410879,Red
2023-01-15,Poland,6515854,2419,124360,22,6028493,77010,397,99847,39268223,Red
2023-01-22,Iran,7455572,2813,145175,23,6982700,254021,623,89120,85982807,Red
2023-01-29,Mexico,7128549,2726,327908,29,6280770,480249,1204,73623,121763283,Red
2023-02-05,Ukraine,5432206,1879,111889,16,5270536,88490,274,65981,44859010,Red
2023-02-12,Peru,4151753,1145,218364,14,3942383,83904,336,79488,32729397,Red
2023-02-19,Indonesia,6583711,2126,165166,20,6368014,37959,203,55137,274789719,Red
2023-02-26,Czechia,4766421,1445,41086,10,4543410,59816,181,142939,10859516,Yellow
2023-03-05,Netherlands,8879198,3272,22169,14,8560939,179070,335,159742,17139412,Yellow
2023-03-12,Canada,4442989,1857,49892,12,4348134,50496,190,170597,39584974,Yellow
2023-03-19,Chile,5080787,1846,63723,15,4864296,86657,268,112478,18400892,Yellow
2023-03-26,Philippines,4159040,1401,68591,10,3878675,34435,121,54289,110869479,Red
2023-04-02,Australia,11395044,5687,17855,26,11003356,188005,374,306566,24426204,Yellow
2023-04-09,Belgium,4476932,1637,33925,8,4507953,66435,197,150533,11988349,Yellow
2023-04-16,Sweden,2607161,904,22946,5,2687841,26347,79,130567,9997004,Yellow
2023-04-23,Israel,4903667,1715,11997,4,4747444,91230,136,284306,8827293,Yellow
2023-04-30,Portugal,5587408,1902,24262,7,5505883,76270,155,207628,10029668,Yellow
2023-05-07,Austria,5716258,2057,21191,6,5818876,78590,175,197871,8886210,Yellow
2023-05-14,Switzerland,4277668,1510,13561,4,4439319,85896,146,205213,8354298,Yellow
2023-01-01,Japan,32112547,12227,72754,85,31053081,898614,3286,90763,126870830,Red
2023-01-08,South Korea,30515678,11411,34172,51,29408670,472922,1796,134423,51404866,Yellow
2023-01-15,Vietnam,10947667,4561,41740,19,11537051,253370,668,82407,92767528,Yellow
2023-01-22,Thailand,4513931,1642,31585,8,4452873,70321,189,64404,68541171,Yellow
2023-01-29,Malaysia,5149958,1739,35405,9,4660784,112776,303,94126,33612011,Yellow
2023-02-05,Pakistan,1519532,598,31844,4,1588704,9487,44,32000,224173434,Red
2023-02-12,Bangladesh,2061007,666,29020,5,1929214,41270,107,26217,167687882,Yellow
2023-02-19,Egypt,501516,195,23783,3,448090,53125,84,17809,104020793,Red
2023-02-26,Saudi Arabia,806353,307,9898,2,781079,10713,27,112891,34142186,Yellow
2023-03-05,UAE,1023033,420,2377,1,1054670,11643,32,381156,9378872,Yellow
2023-03-12,Qatar,480447,144,669,0,456449,4435,12,226787,2814471,Yellow
2023-03-19,Kuwait,683476,218,2599,1,621123,7514,19,165059,4411672,Yellow
2023-03-26,Singapore,2272648,824,1746,1,2203939,18286,44,396613,6131075,Yellow
2023-04-02,New Zealand,2078409,728,2539,2,2016346,26654,28,243568,5116850,Yellow
2023-04-09,Norway,1525213,503,4150,2,1463247,11658,25,194817,5154258,Yellow
2023-04-16,Denmark,3105595,1126,6744,3,3017883,42394,44,294940,5620146,Yellow
2023-04-23,Finland,1468972,506,5522,2,1418133,25516,29,199018,5431611,Yellow
2023-04-30,Ireland,1767377,581,6652,2,1626464,32654,33,184823,4988900,Yellow
2023-05-07,Greece,5517541,1971,35731,9,5418214,119156,246,151244,9958097,Yellow
2023-05-14,Hungary,2108812,823,45780,5,2186274,52172,119,119427,10130057,Red
2023-01-01,USA,98049651,15081,1059065,119,90307447,4964457,8270,1864249,326534270,Red
2023-01-08,India,42869395,7604,544074,49,44328339,672877,2134,340240,1436936622,Red
2023-01-15,Brazil,35821311,7183,660251,47,34258761,678871,2957,156306,218975114,Red
2023-01-22,France,38315558,11442,156682,83,36778797,337753,1826,216366,69121647,Yellow
2023-01-29,Germany,35717128,11270,162365,81,37012511,324451,1660,186111,84087907,Yellow
2023-02-05,UK,24942412,9217,186315,62,22801599,207521,907,236072,68659594,Yellow
2023-02-12,Russia,22698376,6275,413687,40,22396881,203911,1168,235944,148014847,Red
2023-02-19,Turkey,16731089,4441,98234,27,16305735,101752,876,185329,85385121,Yellow
2023-02-26,Italy,24398559,8353,181378,55,25091837,306195,1449,192948,60724519,Yellow
2023-03-05,Spain,13337585,3860,117647,29,13261614,173962,948,174864,49705602,Yellow
2023-03-12,Argentina,9888489,2942,126495,24,9969100,69344,397,119377,46352276,Yellow
2023-03-19,Colombia,6153880,2075,134921,18,6132936,60474,367,94173,52206888,Red
2023-03-26,Poland,6580697,2624,121729,21,6321772,82704,369,105394,39311634,Red
2023-04-02,Iran,7432059,2763,150723,25,6883775,253924,631,84034,82582938,Red
2023-04-09,Mexico,7237474,2587,320902,31,6186387,470812,1175,71268,122672693,Red
2023-04-16,Ukraine,5365508,1840,112810,16,5416574,85299,271,61392,43924736,Red
2023-04-23,Peru,4211620,1246,223273,14,3931135,85974,336,83481,33046466,Red
2023-04-30,Indonesia,7104948,2220,166610,20,6515574,39649,219,53879,281986663,Red
2023-05-07,Czechia,4721259,1484,41675,10,4616921,56755,182,139400,10639848,Yellow
2023-05-14,Netherlands,8194096,3172,22057,15,8166223,179023,317,166504,17523284,Yellow
2023-01-01,Canada,4665811,1835,47161,13,4598907,49969,198,167439,38102870,Yellow
2023-01-08,Chile,5193464,1806,62297,16,5170154,93146,267,120502,18217967,Yellow
2023-01-15,Philippines,4261766,1417,68091,10,4038972,32894,117,50328,110255842,Red
2023-01-22,Australia,11844834,5421,17427,24,11730412,184694,383,282598,26543071,Yellow
2023-01-29,Belgium,4664850,1647,32574,8,4392819,65295,192,156606,11106126,Yellow
2023-02-05,Sweden,2571067,863,23924,5,2585622,27587,76,126889,10498105,Yellow
2023-02-12,Israel,4688965,1715,12368,4,4683567,90436,139,289894,9286122,Yellow
2023-02-19,Portugal,5522899,1896,26212,7,5252568,76301,162,217633,9857469,Yellow
2023-02-26,Austria,6080087,2130,21534,6,6043904,79905,173,200314,8661117,Yellow
2023-03-05,Switzerland,4293471,1435,13850,4,4480259,89375,152,207880,9012845,Yellow
2023-03-12,Japan,31809875,12096,74671,89,31756064,886981,3143,98057,124462987,Red
2023-03-19,South Korea,31004791,11068,33531,48,29034291,459104,1775,138635,50290770,Yellow
2023-03-26,Vietnam,12057063,4527,41187,18,11716937,250531,675,82793,94101988,Yellow
2023-04-02,Thailand,4712074,1617,33147,8,4574632,70270,183,60991,70969860,Yellow
2023-04-09,Malaysia,4835840,1832,37774,9,4844688,111750,303,95673,32956792,Yellow
2023-04-16,Pakistan,1534252,618,29485,4,1507302,9721,42,29828,223158147,Red
2023-04-23,Bangladesh,1932233,684,29814,5,2040272,41757,108,27026,157243299,Red
2023-04-30,Egypt,536336,207,24201,3,443034,49532,87,18153,106014053,Red
2023-05-07,Saudi Arabia,807891,300,10034,2,841498,10129,28,113382,34414647,Yellow
2023-05-14,UAE,1058034,383,2195,1,1067272,11444,31,384051,9587662,Yellow
2023-01-01,Qatar,459381,143,664,0,457646,4301,12,231793,2869160,Yellow
2023-01-08,Kuwait,663576,216,2576,1,645690,7252,19,167327,4223058,Yellow
2023-01-15,Singapore,2233312,823,1665,1,2255967,17421,43,400448,6062693,Yellow
2023-01-22,New Zealand,2169246,766,2554,2,2041694,28543,27,236766,5339782,Yellow
2023-01-29,Norway,1455963,514,4411,2,1523502,12245,25,192687,5313472,Yellow
2023-02-05,Denmark,3043519,1102,6242,3,3288913,42811,43,274765,6042175,Yellow
2023-02-12,Finland,1445533,497,5508,2,1488112,24104,27,197436,5685682,Yellow
2023-02-19,Ireland,1768003,579,6806,2,1700110,31564,34,189234,5163250,Yellow
2023-02-26,Greece,6016856,1966,35529,9,5822380,116055,260,161695,10135580,Yellow
2023-03-05,Hungary,2221431,795,50078,5,2172458,53692,114,112457,9774650,Red
2023-03-12,USA,102015220,14383,1136026,114,94003007,4726838,8715,1933289,323537426,Red
2023-03-19,India,45742665,7776,540452,52,42407610,647198,2194,334714,1424725040,Red
2023-03-26,Brazil,35798874,7069,709896,47,35250680,725451,3083,161648,202463405,Red
2023-04-02,France,39574765,12283,157395,82,38151586,345977,1711,200700,67836881,Yellow
2023-04-09,Germany,35707574,11548,168820,76,35323744,322616,1754,202679,81862173,Yellow
2023-04-16,UK,23719532,9911,198795,64,24187553,207512,937,225671,66597796,Yellow
2023-04-23,Russia,22041619,6086,404045,42,21093942,201083,1205,249149,148115632,Red
2023-04-30,Turkey,16229842,4465,104653,28,17026370,97700,865,185968,87263014,Yellow
2023-05-07,Italy,24165708,8616,180820,53,23731729,323497,1428,188181,61059540,Yellow
2023-05-14,Spain,13821345,4114,123685,29,13529168,185597,993,166925,49074040,Yellow
2023-01-01,Argentina,9391143,2886,126038,25,9643868,69302,401,119357,44233625,Yellow
2023-01-08,Colombia,6364986,1982,139804,18,5919479,60593,346,93242,50899069,Red
2023-01-15,Poland,6334477,2585,117044,21,6168904,80242,397,101104,37712533,Red
2023-01-22,Iran,7416972,2767,150891,24,7276512,262959,659,87722,80848982,Red
2023-01-29,Mexico,7047859,2619,341766,29,6388865,469242,1176,75737,128727195,Red
2023-02-05,Ukraine,5322063,1816,113233,16,5052336,92538,270,60045,44710707,Red
2023-02-12,Peru,4394190,1162,222950,14,4186908,85344,352,80154,33303318,Red
2023-02-19,Indonesia,6662043,2170,161999,19,6741983,37391,207,53384,279450441,Red
2023-02-26,Czechia,4630546,1475,43878,10,4705711,60532,183,143845,10776333,Yellow
2023-03-05,Netherlands,8479643,3048,22492,15,8239497,183278,319,174638,16646145,Yellow
2023-03-12,Canada,4573652,1714,47426,13,4389044,53515,184,172964,36542493,Yellow
2023-03-19,Chile,5427151,1963,58945,16,5250967,86338,283,119617,19284266,Yellow
2023-03-26,Philippines,4195355,1368,67889,10,4010020,35037,115,50241,106547273,Red
2023-04-02,Australia,11172181,5510,18422,26,11534225,188372,377,306973,24619688,Yellow
2023-04-09,Belgium,4479656,1568,32618,8,4486000,65587,191,150244,11419043,Yellow
2023-04-16,Sweden,2635811,940,21908,5,2635883,28221,79,125499,10456496,Yellow
2023-04-23,Israel,4845637,1659,12407,4,4523021,84039,143,291808,9042446,Yellow
2023-04-30,Portugal,5253284,1887,23779,7,5241229,72374,165,215407,10424842,Yellow
2023-05-07,Austria,5997820,2178,21428,6,5605557,79297,175,199518,9129394,Yellow
2023-05-14,Switzerland,4442611,1551,14658,4,4101884,86652,143,219497,8456224,Yellow
2023-01-01,Japan,32453005,11623,73539,88,33527308,939441,3102,92153,129006296,Red
2023-01-08,South Korea,30812737,11333,32125,52,28739943,444442,1857,131099,52468753,Yellow
2023-01-15,Vietnam,11047588,4481,43881,18,11382908,268831,710,83544,98637344,Yellow
2023-01-22,Thailand,4500315,1597,34047,8,4755986,63949,196,60262,70172925,Yellow
2023-01-29,Malaysia,5114094,1734,37172,9,4874570,108967,300,97399,31007130,Yellow
2023-02-05,Pakistan,1569292,575,31924,4,1476931,9038,41,31874,224323158,Red
2023-02-12,Bangladesh,2068246,716,27700,5,2004711,41274,109,27767,161967085,Yellow
2023-02-19,Egypt,511644,200,24012,3,444411,53205,85,17916,106514619,Red
2023-02-26,Saudi Arabia,818698,298,9810,2,838963,10573,27,118360,35906587,Yellow
2023-03-05,UAE,1083506,409,2383,1,1062919,12078,30,398037,9855677,Yellow
2023-03-12,Qatar,484073,154,658,0,487107,4129,13,238637,2808628,Yellow
2023-03-19,Kuwait,672850,212,2627,1,654782,7481,18,160519,4143487,Yellow
2023-03-26,Singapore,2149872,809,1709,1,2145478,18226,41,376299,5756625,Yellow
2023-04-02,New Zealand,2118948,723,2474,2,2100732,27497,27,240464,5108003,Yellow
2023-04-09,Norway,1479146,513,4142,2,1416129,11199,26,187528,5309468,Yellow
2023-04-16,Denmark,3069306,1117,6737,3,3275180,44302,42,278535,5838704,Yellow
2023-04-23,Finland,1562597,523,5312,2,1414049,24508,28,189336,5344950,Yellow
2023-04-30,Ireland,1638259,574,6671,2,1631422,34080,36,184174,5186468,Yellow
2023-05-07,Greece,6061138,1911,35244,9,5828396,113832,246,161331,9992242,Yellow
2023-05-14,Hungary,2188121,783,49783,5,2120436,50177,121,110452,10118986,Red
